Product_Name,Original Price,Discount Price,offers,Discount,Review,Company Name,Product Name
Nykaa Naturals Skin Potion Glow Boosting Skincare Face Oil w...,699.0,629,Enjoy Free Gift,10% ,18689,Nykaa,Naturals Skin Potion Glow Boosting Skincare Face Oil w...
Neutrogena Hydro Boost Water Gel,450.0,450,Extra 5% Off,0%,37760,Neutrogena,Hydro Boost Water Gel
L'Oreal Paris Glycolic Bright Serum with 1% Glycolic Acid fo...,749.0,637,None,15% ,3498,L'Oreal,Paris Glycolic Bright Serum with 1% Glycolic Acid fo...
Olay Regenerist Microsculpting Day Cream - Niacinamide,1699.0,1359,None,20% ,2595,Olay,Regenerist Microsculpting Day Cream - Niacinamide
Lotus Herbals Safe Sun UV Screen Matte Gel Pa+++ SPF - 50,499.0,374,None,25% ,21916,Lotus,Herbals Safe Sun UV Screen Matte Gel Pa+++ SPF - 50
Nykaa SKINRX 10% Vitamin C with 5% Niacinamide Illuminate + ...,699.0,594,Enjoy Free Gift,15% ,1046,Nykaa,SKINRX 10% Vitamin C with 5% Niacinamide Illuminate + ...
Biotique Bio Cucumber Pore Tightening Toner With Himalayan W...,210.0,185,Extra 10% Off,12% ,40442,Biotique,Bio Cucumber Pore Tightening Toner With Himalayan W...
Aqualogica Radiance+ Dewy Sunscreen with Watermelon & Niacin...,399.0,363,Enjoy Free Gift,9% ,4599,Aqualogica,Radiance+ Dewy Sunscreen with Watermelon & Niacin...
Dr. Sheth's Kesar & Kojic Daily Pigmentation Correction Crea...,499.0,429,Extra 5% Off,14% ,220,Dr.,Sheth's Kesar & Kojic Daily Pigmentation Correction Crea...
Nykaa Naturals Skin Secrets Exotic Indulgence Sheet Mask,100.0,100,Buy 5 Get 5 Free,0%,180612,Nykaa,Naturals Skin Secrets Exotic Indulgence Sheet Mask
Biotique Morning Nectar Nourish & Hydrate Moisturizer,220.0,194,Extra 10% Off,12% ,28955,Biotique,Morning Nectar Nourish & Hydrate Moisturizer
Cetaphil Gentle Skin Cleanser,333.0,283,None,15% ,60272,Cetaphil,Gentle Skin Cleanser
Neutrogena UltraSheer Dry Touch Sunblock SPF 50+,675.0,621,Extra 5% Off,8% ,79602,Neutrogena,UltraSheer Dry Touch Sunblock SPF 50+
The Ordinary Niacinamide 10% + Zinc 1%,600.0,600,None,0%,11532,The,Ordinary Niacinamide 10% + Zinc 1%
Ponds Super Light Gel Oil Free Moisturiser With Hyaluronic A...,440.0,352,None,20% ,95812,Ponds,Super Light Gel Oil Free Moisturiser With Hyaluronic A...
Minimalist SPF 50 PA ++++ Sunscreen With Multi-Vitamin For R...,399.0,379,None,5% ,16697,Minimalist,SPF 50 PA ++++ Sunscreen With Multi-Vitamin For R...
The Ordinary Glycolic Acid 7% Toning Solution,950.0,950,None,0%,5293,The,Ordinary Glycolic Acid 7% Toning Solution
Aqualogica Glow+ Dewy Sunscreen with Papaya & Vitamin C - SP...,399.0,363,Enjoy Free Gift,9% ,12381,Aqualogica,Glow+ Dewy Sunscreen with Papaya & Vitamin C - SP...
The Derma Co 1% Hyaluronic Sunscreen Aqua Gel With Spf 50 Pa...,499.0,449,Extra 5% Off,10% ,9124,The,Derma Co 1% Hyaluronic Sunscreen Aqua Gel With Spf 50 Pa...
Biotique Morning Nectar Nourish & Hydrate Moisturizer,220.0,194,Extra 10% Off,12% ,28955,Biotique,Morning Nectar Nourish & Hydrate Moisturizer
Nykaa Naturals Skin Potion Glow Boosting Skincare Face Oil w...,699.0,629,Enjoy Free Gift,10% ,18689,Nykaa,Naturals Skin Potion Glow Boosting Skincare Face Oil w...
Neutrogena Hydro Boost Water Gel,450.0,450,Extra 5% Off,0%,37760,Neutrogena,Hydro Boost Water Gel
L'Oreal Paris Glycolic Bright Serum with 1% Glycolic Acid fo...,749.0,637,None,15% ,3498,L'Oreal,Paris Glycolic Bright Serum with 1% Glycolic Acid fo...
Olay Regenerist Microsculpting Day Cream - Niacinamide,1699.0,1359,None,20% ,2595,Olay,Regenerist Microsculpting Day Cream - Niacinamide
Lotus Herbals Safe Sun UV Screen Matte Gel Pa+++ SPF - 50,499.0,374,None,25% ,21916,Lotus,Herbals Safe Sun UV Screen Matte Gel Pa+++ SPF - 50
Nykaa SKINRX 10% Vitamin C with 5% Niacinamide Illuminate + ...,699.0,594,Enjoy Free Gift,15% ,1046,Nykaa,SKINRX 10% Vitamin C with 5% Niacinamide Illuminate + ...
Biotique Bio Cucumber Pore Tightening Toner With Himalayan W...,210.0,185,Extra 10% Off,12% ,40442,Biotique,Bio Cucumber Pore Tightening Toner With Himalayan W...
Aqualogica Radiance+ Dewy Sunscreen with Watermelon & Niacin...,399.0,363,Enjoy Free Gift,9% ,4599,Aqualogica,Radiance+ Dewy Sunscreen with Watermelon & Niacin...
Dr. Sheth's Kesar & Kojic Daily Pigmentation Correction Crea...,499.0,429,Extra 5% Off,14% ,220,Dr.,Sheth's Kesar & Kojic Daily Pigmentation Correction Crea...
Nykaa Naturals Skin Secrets Exotic Indulgence Sheet Mask,100.0,100,Buy 5 Get 5 Free,0%,180612,Nykaa,Naturals Skin Secrets Exotic Indulgence Sheet Mask
Biotique Morning Nectar Nourish & Hydrate Moisturizer,220.0,194,Extra 10% Off,12% ,28955,Biotique,Morning Nectar Nourish & Hydrate Moisturizer
Cetaphil Gentle Skin Cleanser,333.0,283,None,15% ,60272,Cetaphil,Gentle Skin Cleanser
Neutrogena UltraSheer Dry Touch Sunblock SPF 50+,675.0,621,Extra 5% Off,8% ,79602,Neutrogena,UltraSheer Dry Touch Sunblock SPF 50+
The Ordinary Niacinamide 10% + Zinc 1%,600.0,600,None,0%,11532,The,Ordinary Niacinamide 10% + Zinc 1%
Ponds Super Light Gel Oil Free Moisturiser With Hyaluronic A...,440.0,352,None,20% ,95812,Ponds,Super Light Gel Oil Free Moisturiser With Hyaluronic A...
Minimalist SPF 50 PA ++++ Sunscreen With Multi-Vitamin For R...,399.0,379,None,5% ,16697,Minimalist,SPF 50 PA ++++ Sunscreen With Multi-Vitamin For R...
The Ordinary Glycolic Acid 7% Toning Solution,950.0,950,None,0%,5293,The,Ordinary Glycolic Acid 7% Toning Solution
Aqualogica Glow+ Dewy Sunscreen with Papaya & Vitamin C - SP...,399.0,363,Enjoy Free Gift,9% ,12381,Aqualogica,Glow+ Dewy Sunscreen with Papaya & Vitamin C - SP...
The Derma Co 1% Hyaluronic Sunscreen Aqua Gel With Spf 50 Pa...,499.0,449,Extra 5% Off,10% ,9124,The,Derma Co 1% Hyaluronic Sunscreen Aqua Gel With Spf 50 Pa...
Biotique Morning Nectar Nourish & Hydrate Moisturizer,220.0,194,Extra 10% Off,12% ,28955,Biotique,Morning Nectar Nourish & Hydrate Moisturizer
Plum 15% Vitamin C Face Serum with Mandarin for Glowing Skin...,790.0,679,Enjoy Free Gift,14% ,24762,Plum,15% Vitamin C Face Serum with Mandarin for Glowing Skin...
Cetaphil Moisturising Cream,508.0,432,None,15% ,29938,Cetaphil,Moisturising Cream
Nykaa Naturals Skin Secrets Indian Rituals Sheet Mask,100.0,100,Buy 5 Get 5 Free,0%,31547,Nykaa,Naturals Skin Secrets Indian Rituals Sheet Mask
Dr. Sheth's Ceramide & Vitamin C Sunscreen,499.0,429,Extra 5% Off,14% ,5128,Dr.,Sheth's Ceramide & Vitamin C Sunscreen
The Ordinary Multi-Peptide Serum For Hair Density,1650.0,1650,None,0%,1626,The,Ordinary Multi-Peptide Serum For Hair Density
Minimalist 10% Niacinamide Face Serum With Matmarine + Zinc ...,599.0,569,None,5% ,20482,Minimalist,10% Niacinamide Face Serum With Matmarine + Zinc ...
Lakme Lumi Skin Cream,299.0,254,None,15% ,16772,Lakme,Lumi Skin Cream
Biotique Bio Papaya Revitalizing Tan Removal Scrub,199.0,159,Extra 10% Off,20% ,44122,Biotique,Bio Papaya Revitalizing Tan Removal Scrub
Clinique Moisture Surge 100h Auto-replenishing Hydrator (Moi...,1950.0,1950,Enjoy Free Gift,0%,17809,Clinique,Moisture Surge 100h Auto-replenishing Hydrator (Moi...
Estee Lauder Advanced Night Repair Synchronized Multi-Recove...,1350.0,1350,Enjoy Free Gift,0%,12787,Estee,Lauder Advanced Night Repair Synchronized Multi-Recove...
Minimalist 10% Vitamin C Serum For Face For Illuminating Ski...,699.0,664,None,5% ,16871,Minimalist,10% Vitamin C Serum For Face For Illuminating Ski...
L'Oreal Paris Revitalift 1.5% Hyaluronic Acid Serum for Hydr...,529.0,476,None,10% ,19648,L'Oreal,Paris Revitalift 1.5% Hyaluronic Acid Serum for Hydr...
Nykaa Wanderlust Shower Gel,350.0,175,None,50% ,33754,Nykaa,Wanderlust Shower Gel
Cetaphil DailyAdvance Ultra Hydrating Lotion,229.0,195,None,15% ,26112,Cetaphil,DailyAdvance Ultra Hydrating Lotion
The Ordinary AHA 30% + BHA 2% Peeling Solution,750.0,750,None,0%,6621,The,Ordinary AHA 30% + BHA 2% Peeling Solution
Minimalist 2% Salicylic Acid + LHA Face Wash With Zinc For R...,299.0,284,None,5% ,12316,Minimalist,2% Salicylic Acid + LHA Face Wash With Zinc For R...
Ponds Super Light Gel Oil Free Moisturiser With Hyaluronic A...,440.0,352,None,20% ,95812,Ponds,Super Light Gel Oil Free Moisturiser With Hyaluronic A...
Plum 10% Niacinamide Face Serum With Rice Water For Clear & ...,790.0,608,Enjoy Free Gift,23% ,8078,Plum,10% Niacinamide Face Serum With Rice Water For Clear & ...
Biotique Bio White Advanced Fairness Face Wash,240.0,204,Extra 10% Off,15% ,22377,Biotique,Bio White Advanced Fairness Face Wash
Lakme Lumi Skin Cream,299.0,254,None,15% ,16772,Lakme,Lumi Skin Cream
The Ordinary Hyaluronic Acid 2% + B5,700.0,700,None,0%,3802,The,Ordinary Hyaluronic Acid 2% + B5
Simple Kind To Skin Refreshing Facial Wash,385.0,347,None,10% ,21372,Simple,Kind To Skin Refreshing Facial Wash
Nykaa Naturals Face Wash,139.0,104,Enjoy Free Gift,25% ,30227,Nykaa,Naturals Face Wash
Dot & Key Vitamin C + E Super Bright Moisturizer,595.0,506,Extra 5% Off,15% ,9333,Dot,& Key Vitamin C + E Super Bright Moisturizer
Dot & Key Gloss Boss Tinted Lip Balm SPF 30 Vitamin C + E,249.0,212,Extra 5% Off,15% ,5475,Dot,& Key Gloss Boss Tinted Lip Balm SPF 30 Vitamin C + E
TONYMOLY I'M Mask Sheet,100.0,100,Buy 5 Get 5 Free,0%,42256,TONYMOLY,I'M Mask Sheet
The Face Shop Real Nature Face Mask,100.0,100,Buy 3 Get 3 Free,0%,48667,The,Face Shop Real Nature Face Mask
Cetaphil Moisturising Lotion,486.0,413,None,15% ,14338,Cetaphil,Moisturising Lotion
MCaffeine Exfoliating Coffee Body Scrub For Tan Removal & So...,449.0,399,Extra 10% Off,11% ,54292,MCaffeine,Exfoliating Coffee Body Scrub For Tan Removal & So...
"The Derma Co 10% Vitamin C Face Serum With Vitamin C, 5% Nia...",649.0,591,Extra 5% Off,9% ,7304,The,"Derma Co 10% Vitamin C Face Serum With Vitamin C, 5% Nia..."
Nykaa Wanderlust Body Lotion,450.0,225,None,50% ,24390,Nykaa,Wanderlust Body Lotion
Garnier Micellar Cleansing Water For Sensitive Skin,225.0,225,None,0%,50710,Garnier,Micellar Cleansing Water For Sensitive Skin
"NIVEA Body Lotion for Very Dry Skin, Nourishing Body Milk wi...",425.0,276,None,35% ,26671,NIVEA,"Body Lotion for Very Dry Skin, Nourishing Body Milk wi..."
Ponds Super Light Gel Oil Free Moisturiser With Hyaluronic A...,220.0,187,None,15% ,95812,Ponds,Super Light Gel Oil Free Moisturiser With Hyaluronic A...
COSRX Advanced Snail Mucin 92 All In One Cream with Hyaluron...,1650.0,1485,None,10% ,2630,COSRX,Advanced Snail Mucin 92 All In One Cream with Hyaluron...
"NIVEA Soft Light Moisturizer for Face, Hand & Body, Non-Stic...",465.0,326,None,30% ,24610,NIVEA,"Soft Light Moisturizer for Face, Hand & Body, Non-Stic..."
Embryolisse Lait-Creme Concentré,1325.0,1325,None,0%,4303,Embryolisse,Lait-Creme Concentré
MCaffeine Exfoliating Coffee Body Scrub for Tan Removal & So...,449.0,399,Extra 10% Off,11% ,54292,MCaffeine,Exfoliating Coffee Body Scrub for Tan Removal & So...
"Minimalist 10% Vitamin B5, Oil-Free Moisturizer With Zinc, C...",349.0,332,None,5% ,4991,Minimalist,"10% Vitamin B5, Oil-Free Moisturizer With Zinc, C..."
Cetaphil Oily Skin Cleanser,545.0,463,None,15% ,12013,Cetaphil,Oily Skin Cleanser
Dot & Key Vitamin C + E Face Sunscreen With SPF 50 PA+++ For...,495.0,421,Extra 5% Off,15% ,835,Dot,& Key Vitamin C + E Face Sunscreen With SPF 50 PA+++ For...
"Dot & Key 10% Vitamin C + E, 5% Niacinamide Face Serum For G...",695.0,591,Extra 5% Off,15% ,1525,Dot,"& Key 10% Vitamin C + E, 5% Niacinamide Face Serum For G..."
Biotique Morning Nectar Nourish & Hydrate Moisturizer,330.0,271,Extra 10% Off,18% ,28955,Biotique,Morning Nectar Nourish & Hydrate Moisturizer
Minimalist 2% Alpha Arbutin Face Serum With Butylresorcinol ...,549.0,522,None,5% ,11025,Minimalist,2% Alpha Arbutin Face Serum With Butylresorcinol ...
Kama Ayurveda Pure Rose Water (Toner),425.0,425,Enjoy Free Gift,0%,20551,Kama,Ayurveda Pure Rose Water (Toner)
Lakme Sun Expert SPF 50 PA+++ Ultra Matte Lotion Sunscreen,325.0,260,None,20% ,16566,Lakme,Sun Expert SPF 50 PA+++ Ultra Matte Lotion Sunscreen
Minimalist 2% Salicylic Acid Face Serum For Blackheads & Whi...,549.0,522,None,5% ,12117,Minimalist,2% Salicylic Acid Face Serum For Blackheads & Whi...
MCaffeine Coffee Under Eye Cream for Dark Circle & Puffiness...,349.0,299,Extra 10% Off,14% ,2647,MCaffeine,Coffee Under Eye Cream for Dark Circle & Puffiness...
Biotique Fruit Brightening Lip Balm,210.0,176,Extra 10% Off,16% ,17482,Biotique,Fruit Brightening Lip Balm
Nykaa Skin Secrets Tea Tree & Salicylic Acid Spot Patch,100.0,100,Enjoy Free Gift,0%,12211,Nykaa,Skin Secrets Tea Tree & Salicylic Acid Spot Patch
Re'equil Ceramide & Hyaluronic Acid Moisturiser For Normal T...,395.0,395,Extra 5% Off,0%,7788,Re'equil,Ceramide & Hyaluronic Acid Moisturiser For Normal T...
M.A.C Prep + Prime Fix+,2150.0,2150,Enjoy Free Gift,0%,10931,M.A.C,Prep + Prime Fix+
Lotus Herbals Safe Sun Uv Screen Matte Gel Pa+++ SPF - 50,499.0,374,None,25% ,21916,Lotus,Herbals Safe Sun Uv Screen Matte Gel Pa+++ SPF - 50
The Ordinary Salicylic Acid 2% Solution,500.0,500,None,0%,3639,The,Ordinary Salicylic Acid 2% Solution
Minimalist 16% Vitamin C Serum With Vitamin E & Ferulic Acid...,599.0,569,None,5% ,3343,Minimalist,16% Vitamin C Serum With Vitamin E & Ferulic Acid...
Nykaa Naturals Skin Secrets Active Skin Solutions Sheet Mask,100.0,100,Buy 5 Get 5 Free,0%,11093,Nykaa,Naturals Skin Secrets Active Skin Solutions Sheet Mask
Neutrogena Bright Boost Gel Cream,450.0,450,Extra 5% Off,0%,4846,Neutrogena,Bright Boost Gel Cream
Nykaa Naturals Essential Oil,350.0,245,Enjoy Free Gift,30% ,32515,Nykaa,Naturals Essential Oil
The Face Shop Rice Water Bright Foaming Cleanser,849.0,849,Enjoy Free Gift,0%,5718,The,Face Shop Rice Water Bright Foaming Cleanser
Biotique Bio Papaya Visibly Flawless Face Wash For All Skin ...,270.0,230,Extra 10% Off,15% ,16825,Biotique,Bio Papaya Visibly Flawless Face Wash For All Skin ...
La Shield Sunscreen Gel SPF 40 PA+++,790.0,632,Extra 5% Off,20% ,6823,La,Shield Sunscreen Gel SPF 40 PA+++
The Derma Co 2% Kojic Acid Face Serum With 1% Alpha Arbutin ...,499.0,454,Extra 5% Off,9% ,2485,The,Derma Co 2% Kojic Acid Face Serum With 1% Alpha Arbutin ...
"Minimalist 2% Hyaluronic Acid + PGA Face Serum For Deep, Mul...",599.0,569,None,5% ,7030,Minimalist,"2% Hyaluronic Acid + PGA Face Serum For Deep, Mul..."
M.A.C Fix+ Original,750.0,750,Enjoy Free Gift,0%,3783,M.A.C,Fix+ Original
Klairs Freshly Juiced Vitamin Drop - Pure Vitamin C Serum,1570.0,1335,None,15% ,7845,Klairs,Freshly Juiced Vitamin Drop - Pure Vitamin C Serum
Minimalist 0.3% Retinol Face Serum For Anti Ageing With Coen...,599.0,569,None,5% ,4667,Minimalist,0.3% Retinol Face Serum For Anti Ageing With Coen...
Biotique Bio Neem Purifying Face Wash Prevents Pimples For A...,240.0,204,Extra 10% Off,15% ,19168,Biotique,Bio Neem Purifying Face Wash Prevents Pimples For A...
Nykaa Skin Potion Facial Oil,699.0,594,Enjoy Free Gift,15% ,18689,Nykaa,Skin Potion Facial Oil
The Ordinary Caffeine Solution 5% + EGCG,700.0,700,None,0%,2144,The,Ordinary Caffeine Solution 5% + EGCG
Nykaa Skin Secrets Exotic Indulgence Gold Sheet Mask For Rev...,100.0,100,Buy 5 Get 5 Free,0%,180612,Nykaa,Skin Secrets Exotic Indulgence Gold Sheet Mask For Rev...
The Derma Co. 2% Salicylic Acid Face Serum For Active Acne,499.0,454,Extra 5% Off,9% ,6549,The,Derma Co. 2% Salicylic Acid Face Serum For Active Acne
Dr. Sheth's Haldi & Hyaluronic Acid Sunscreen,499.0,429,Extra 5% Off,14% ,1169,Dr.,Sheth's Haldi & Hyaluronic Acid Sunscreen
Mamaearth Ubtan Face Wash With Turmeric & Saffron For Tan Re...,375.0,319,Extra 10% Off,15% ,6645,Mamaearth,Ubtan Face Wash With Turmeric & Saffron For Tan Re...
Nykaa Hand & Nail Creme,299.0,209,Enjoy Free Gift,30% ,16653,Nykaa,Hand & Nail Creme
TONYMOLY Pureness 100 Mask Sheet,100.0,100,Buy 5 Get 5 Free,0%,22300,TONYMOLY,Pureness 100 Mask Sheet
Be Bodywise 1% Salicylic Acid Body Wash,349.0,349,None,0%,3897,Be,Bodywise 1% Salicylic Acid Body Wash
Tulips Cotton Pad,90.0,77,None,15% ,22019,Tulips,Cotton Pad
Earth Rhythm Lip & Cheek Tint,499.0,374,None,25% ,6454,Earth,Rhythm Lip & Cheek Tint
Olay Night Cream: Regenerist Retinol 24 Moisturiser,1999.0,1599,None,20% ,5259,Olay,Night Cream: Regenerist Retinol 24 Moisturiser
Biotique BIO Fruit Whitening & Depigmentation Tan Removal Fa...,140.0,115,Extra 10% Off,18% ,28646,Biotique,BIO Fruit Whitening & Depigmentation Tan Removal Fa...
Cetaphil Bright Healthy Radiance Night Comfort Cream,1030.0,876,None,15% ,3228,Cetaphil,Bright Healthy Radiance Night Comfort Cream
MCaffeine Coffee Hydrogel Under Eye Patches for Dark Circles...,799.0,759,Extra 10% Off,5% ,560,MCaffeine,Coffee Hydrogel Under Eye Patches for Dark Circles...
Minimalist 7% ALA & AHA Brightening Face Wash With Vitamin B...,399.0,379,None,5% ,2090,Minimalist,7% ALA & AHA Brightening Face Wash With Vitamin B...
Plum Green Tea Alcohol-Free Toner,390.0,371,Enjoy Free Gift,5% ,22160,Plum,Green Tea Alcohol-Free Toner
Plum 3% Niacinamide Toner With Rice Water - Vitamin B3 With ...,420.0,386,Enjoy Free Gift,8% ,2150,Plum,3% Niacinamide Toner With Rice Water - Vitamin B3 With ...
The Ordinary Natural Moisturizing Factors + HA,550.0,550,None,0%,2179,The,Ordinary Natural Moisturizing Factors + HA
Minimalist 3% PHA Face Toner With Multi Biotics For Minimizi...,399.0,379,None,5% ,9204,Minimalist,3% PHA Face Toner With Multi Biotics For Minimizi...
Lakme Lip Love Chapstick SPF 15,150.0,99,None,34% ,30941,Lakme,Lip Love Chapstick SPF 15
Lotus Professional Phyto-Rx Whitening & Brightening Creme SP...,665.0,532,None,20% ,8222,Lotus,Professional Phyto-Rx Whitening & Brightening Creme SP...
Swiss Beauty Lip & Cheek Cream,199.0,179,None,10% ,2489,Swiss,Beauty Lip & Cheek Cream
Plum Green Tea Pore Cleansing Face Wash,345.0,249,Enjoy Free Gift,14% ,18432,Plum,Green Tea Pore Cleansing Face Wash
Minimalist 5% Marula Oil Moisturizer With Hyaluronic Acid & ...,299.0,284,None,5% ,3270,Minimalist,5% Marula Oil Moisturizer With Hyaluronic Acid & ...
LANEIGE Lip Sleeping Mask Berry EX,600.0,570,Get Free Product,5% ,3378,LANEIGE,Lip Sleeping Mask Berry EX
Dot & Key Night Reset Retinol + Ceramide Cream,395.0,336,Extra 5% Off,15% ,3858,Dot,& Key Night Reset Retinol + Ceramide Cream
Dot & Key 72 Hr Hydrating Gel + Probiotics,595.0,506,Extra 5% Off,15% ,3912,Dot,& Key 72 Hr Hydrating Gel + Probiotics
SUGAR POP Nourishing Lip Balm,149.0,134,Enjoy Free Gift,10% ,3728,SUGAR,POP Nourishing Lip Balm
Lakme Absolute Perfect Radiance Skin Brightening Day Creme,349.0,297,None,15% ,18588,Lakme,Absolute Perfect Radiance Skin Brightening Day Creme
Bioderma Sensibio H2O Micellar Water,395.0,395,None,0%,5496,Bioderma,Sensibio H2O Micellar Water
Ponds Super Light Gel Oil Free Moisturiser With Hyaluronic A...,100.0,100,None,0%,95812,Ponds,Super Light Gel Oil Free Moisturiser With Hyaluronic A...
Ponds Age Miracle Wrinkle Corrector Day Cream SPF 18 PA++,825.0,660,None,20% ,6891,Ponds,Age Miracle Wrinkle Corrector Day Cream SPF 18 PA++
Cetaphil Cleansing + Hydrating Regime,819.0,696,None,15% ,14930,Cetaphil,Cleansing + Hydrating Regime
The Derma Co 1% Salicylic Acid Gel Face Wash With Salicylic ...,299.0,272,Extra 5% Off,9% ,3967,The,Derma Co 1% Salicylic Acid Gel Face Wash With Salicylic ...
Biotique Skincare Daily Routine Combo,765.0,536,None,30% ,59921,Biotique,Skincare Daily Routine Combo
PIXI Glow Tonic,1400.0,1400,None,0%,4931,PIXI,Glow Tonic
Dr. Sheth's Ceramide & Vitamin C Oil-Free Moisturizer,349.0,304,Extra 5% Off,13% ,832,Dr.,Sheth's Ceramide & Vitamin C Oil-Free Moisturizer
Plum Green Tea Oil Free Moisturizer,470.0,371,Enjoy Free Gift,21% ,6942,Plum,Green Tea Oil Free Moisturizer
L'Oreal Paris Glycolic Bright Day Cream with Glycolic Acid &...,699.0,594,None,15% ,1990,L'Oreal,Paris Glycolic Bright Day Cream with Glycolic Acid &...
Garnier Bright Complete 30X VITAMIN C Booster Face Serum,549.0,549,None,0%,3871,Garnier,Bright Complete 30X VITAMIN C Booster Face Serum
ISDIN Fotoprotector Fusion Water Sunscreen SPF 50,1980.0,1980,None,0%,544,ISDIN,Fotoprotector Fusion Water Sunscreen SPF 50
Lakme Sun Expert Tinted Sunscreen 50 SPF,349.0,279,None,20% ,5990,Lakme,Sun Expert Tinted Sunscreen 50 SPF
Cetaphil SUN SPF 50+ Light Gel,1080.0,918,None,15% ,2129,Cetaphil,SUN SPF 50+ Light Gel
Vaseline Lip Tins,249.0,212,None,15% ,6849,Vaseline,Lip Tins
Nykaa Skin Secrets Active Solutions Pearl + Hyaluronic Acid ...,100.0,100,Buy 5 Get 5 Free,0%,11093,Nykaa,Skin Secrets Active Solutions Pearl + Hyaluronic Acid ...
LANEIGE Cream Skin Refiner,750.0,713,Get Free Product,5% ,2545,LANEIGE,Cream Skin Refiner
"NIVEA Sun Lotion, SPF 50, with UVA & UVB Protection, Water R...",495.0,495,None,0%,4830,NIVEA,"Sun Lotion, SPF 50, with UVA & UVB Protection, Water R..."
Plum Green Tea Renewed Clarity Night Gel,575.0,511,Enjoy Free Gift,11% ,19337,Plum,Green Tea Renewed Clarity Night Gel
The Body Shop British Rose Shower Gel,395.0,336,None,15% ,6193,The,Body Shop British Rose Shower Gel
Himalaya Purifying Neem Face Wash,415.0,332,None,20% ,20463,Himalaya,Purifying Neem Face Wash
The Derma Co. 10% Niacinamide Face Serum For Acne Marks,249.0,227,Extra 5% Off,9% ,3756,The,Derma Co. 10% Niacinamide Face Serum For Acne Marks
The Derma Co 1% Hyaluronic Tinted Sunscreen Gel For Broad Sp...,699.0,636,Extra 5% Off,9% ,782,The,Derma Co 1% Hyaluronic Tinted Sunscreen Gel For Broad Sp...
Mamaearth Aloe Vera Gel With Pure Aloe Vera & Vitamin E For ...,319.0,271,Extra 10% Off,15% ,10631,Mamaearth,Aloe Vera Gel With Pure Aloe Vera & Vitamin E For ...
Biotique Coconut Brightening Instant Glow Cream,250.0,213,Extra 10% Off,15% ,8476,Biotique,Coconut Brightening Instant Glow Cream
Dove Exfoliating Body Polish Scrub with Pomegranate Seeds an...,725.0,544,None,25% ,2923,Dove,Exfoliating Body Polish Scrub with Pomegranate Seeds an...
L'Oreal Paris Glycolic Bright Face Cleanser with Glycolic Ac...,329.0,280,None,15% ,2135,L'Oreal,Paris Glycolic Bright Face Cleanser with Glycolic Ac...
Minimalist 5% Niacinamide Face Serum With Bifida Ferment & O...,599.0,569,None,5% ,6470,Minimalist,5% Niacinamide Face Serum With Bifida Ferment & O...
Raaga Professional De Tan Removal Creme With Kojic & Milk(50...,1155.0,1040,None,10% ,2848,Raaga,Professional De Tan Removal Creme With Kojic & Milk(50...
NIVEA Fruity Shine Lip Balm,225.0,169,None,25% ,17224,NIVEA,Fruity Shine Lip Balm
LANEIGE Lip Glowy Balm,690.0,656,Get Free Product,5% ,2194,LANEIGE,Lip Glowy Balm
Mamaearth Ubtan Face Wash With Turmeric & Saffron For Tan Re...,259.0,233,Extra 10% Off,10% ,6645,Mamaearth,Ubtan Face Wash With Turmeric & Saffron For Tan Re...
La Shield Fisico Matte Sunscreen Gel SPF 50+ PA+++,630.0,504,Extra 5% Off,20% ,5570,La,Shield Fisico Matte Sunscreen Gel SPF 50+ PA+++
The Derma Co. 10% Niacinamide Face Serum For Acne Marks,599.0,545,Extra 5% Off,9% ,4719,The,Derma Co. 10% Niacinamide Face Serum For Acne Marks
Olay Total Effects 7 In One Day Cream - Niacinamide SPF 15 N...,899.0,764,None,15% ,4325,Olay,Total Effects 7 In One Day Cream - Niacinamide SPF 15 N...
Minimalist SPF 60 PA ++++ Sunscreen With Antioxidant Silymar...,599.0,569,None,5% ,2799,Minimalist,SPF 60 PA ++++ Sunscreen With Antioxidant Silymar...
Vaseline Intensive Care Cocoa Glow Body Lotion,435.0,326,None,25% ,16738,Vaseline,Intensive Care Cocoa Glow Body Lotion
Garnier Skin Naturals Micellar Oil-Infused Cleansing Water,249.0,249,None,0%,17755,Garnier,Skin Naturals Micellar Oil-Infused Cleansing Water
Dot & Key Cica Salicylic Face Wash With Tea Tree Oil For Oil...,295.0,251,Extra 5% Off,15% ,3301,Dot,& Key Cica Salicylic Face Wash With Tea Tree Oil For Oil...
Mamaearth Natural Lip Balm,299.0,263,Extra 10% Off,12% ,2782,Mamaearth,Natural Lip Balm
Nykaa Clay It Cool Clay Mask,599.0,419,Enjoy Free Gift,30% ,11644,Nykaa,Clay It Cool Clay Mask
Minimalist 10% Multi Peptide Face Serum For Anti Aging & Col...,699.0,664,None,5% ,1530,Minimalist,10% Multi Peptide Face Serum For Anti Aging & Col...
Nykaa Wanderlust Body Scrub,350.0,175,None,50% ,9520,Nykaa,Wanderlust Body Scrub
"Plum BodyLovin' Vanilla Vibes Body Oil, Intense Moisture + I...",550.0,462,Enjoy Free Gift,16% ,3919,Plum,"BodyLovin' Vanilla Vibes Body Oil, Intense Moisture + I..."
Nykaa Skin Secrets Sleeping Mask,175.0,105,Enjoy Free Gift,40% ,7622,Nykaa,Skin Secrets Sleeping Mask
Biotique Wheatgerm Anti-Ageing Night Cream,230.0,196,Extra 10% Off,15% ,8944,Biotique,Wheatgerm Anti-Ageing Night Cream
Lakme Sun Expert Ultra Matte SPF 40 Pa+++ Compact,275.0,256,None,7% ,22982,Lakme,Sun Expert Ultra Matte SPF 40 Pa+++ Compact
Neutrogena Oil Free Acne Face Wash With 2.0% Salicylic Acid ...,675.0,621,Extra 5% Off,8% ,7637,Neutrogena,Oil Free Acne Face Wash With 2.0% Salicylic Acid ...
O3+ Bridal Facial Kit for Radiant & Glowing Skin,830.0,772,None,7% ,3853,O3+,Bridal Facial Kit for Radiant & Glowing Skin
The Ordinary Buffet + Copper Peptides 1%,2800.0,2800,None,0%,223,The,Ordinary Buffet + Copper Peptides 1%
SUGAR Tipsy Lips Moisturizing Balm,199.0,179,Enjoy Free Gift,10% ,9590,SUGAR,Tipsy Lips Moisturizing Balm
Kama Ayurveda Kumkumadi Thailam Miraculous Beauty Fluid Ayur...,895.0,895,Enjoy Free Gift,0%,2783,Kama,Ayurveda Kumkumadi Thailam Miraculous Beauty Fluid Ayur...
Aveeno Daily Moisturizing Lotion For Dry Skin,1000.0,850,Enjoy Free Gift,15% ,2342,Aveeno,Daily Moisturizing Lotion For Dry Skin
Minimalist Daily Skincare Routine For Oily & Acne Prone Skin...,1646.0,1481,None,10% ,54516,Minimalist,Daily Skincare Routine For Oily & Acne Prone Skin...
MCaffeine Choco & Shea Body Butter - 72Hrs Moisturization & ...,645.0,549,Extra 10% Off,15% ,15951,MCaffeine,Choco & Shea Body Butter - 72Hrs Moisturization & ...
Nykaa Wanderlust Body Butter,550.0,275,None,50% ,5773,Nykaa,Wanderlust Body Butter
Bella Vita Organic GrowBrow Brow & Lash Oil,349.0,251,None,28% ,2088,Bella,Vita Organic GrowBrow Brow & Lash Oil
Re'equil Oxybenzone And Omc Free Sunscreen SPF 50 PA+++,550.0,468,Extra 5% Off,15% ,7298,Re'equil,Oxybenzone And Omc Free Sunscreen SPF 50 PA+++
Cetaphil Bright Healthy Radiance Day Protection Cream,1080.0,918,None,15% ,1577,Cetaphil,Bright Healthy Radiance Day Protection Cream
Aqualogica Hydrate+ Dewy Sunscreen with Coconut Water & Hyal...,399.0,363,Enjoy Free Gift,9% ,3533,Aqualogica,Hydrate+ Dewy Sunscreen with Coconut Water & Hyal...
MCaffeine Exfoliating Bath Glove to Prevent Ingrown Hair & S...,299.0,269,Extra 10% Off,10% ,4622,MCaffeine,Exfoliating Bath Glove to Prevent Ingrown Hair & S...
Plum E-Luminence Simply Supple Cleansing Balm,545.0,518,Enjoy Free Gift,5% ,4071,Plum,E-Luminence Simply Supple Cleansing Balm
"NIVEA Body Lotion, Extra Whitening Cell Repair, SPF 15 & 50x...",299.0,239,None,20% ,11481,NIVEA,"Body Lotion, Extra Whitening Cell Repair, SPF 15 & 50x..."
Nykaa Skin Secrets Indian Rituals Lemon + Honey Sheet Mask F...,100.0,100,Buy 5 Get 5 Free,0%,31547,Nykaa,Skin Secrets Indian Rituals Lemon + Honey Sheet Mask F...
L'Oreal Paris Revitalift Crystal Micro-Essence,299.0,299,None,0%,23233,L'Oreal,Paris Revitalift Crystal Micro-Essence
Vaseline Sun + Pollution Protection Healthy Bright SPF 30 Bo...,460.0,391,None,15% ,2138,Vaseline,Sun + Pollution Protection Healthy Bright SPF 30 Bo...
The Ordinary Retinol 0.5% In Squalane,800.0,800,None,0%,2172,The,Ordinary Retinol 0.5% In Squalane
Biotique Bio Apricot Refreshing Body Wash,220.0,176,Extra 10% Off,20% ,9525,Biotique,Bio Apricot Refreshing Body Wash
Lotus Herbals Safe Sun 3-in-1 Matte-Look Daily Sun Block Pa+...,325.0,244,None,25% ,12622,Lotus,Herbals Safe Sun 3-in-1 Matte-Look Daily Sun Block Pa+...
Nykaa Lip Crush Macaron Lip Balm,279.0,195,Enjoy Free Gift,30% ,28444,Nykaa,Lip Crush Macaron Lip Balm
The Face Shop Rice & Ceramide Moisturizing Emulsion With Pol...,890.0,846,Enjoy Free Gift,5% ,3497,The,Face Shop Rice & Ceramide Moisturizing Emulsion With Pol...
Max Care Virgin Coconut Oil (Cold Pressed),220.0,202,None,8% ,9648,Max,Care Virgin Coconut Oil (Cold Pressed)
Bioderma Sebium Gel Moussant Purifying Cleansing Foaming Gel...,840.0,840,None,0%,2695,Bioderma,Sebium Gel Moussant Purifying Cleansing Foaming Gel...
Forest Essentials Soundarya Radiance Cream With 24K Gold And...,1995.0,1995,Get Free Product,0%,1206,Forest,Essentials Soundarya Radiance Cream With 24K Gold And...
The Ordinary Azelaic Acid Suspension 10%,950.0,950,None,0%,848,The,Ordinary Azelaic Acid Suspension 10%
Bioderma Atoderm Intensive Baume,715.0,715,None,0%,1772,Bioderma,Atoderm Intensive Baume
The Ordinary Vitamin C Suspension 23% + HA Spheres 2%,700.0,700,None,0%,1527,The,Ordinary Vitamin C Suspension 23% + HA Spheres 2%
L'Oreal Paris Revitalift Hyaluronic Acid Day Cream for Hydra...,999.0,749,None,25% ,4357,L'Oreal,Paris Revitalift Hyaluronic Acid Day Cream for Hydra...
The Derma Co 1% Salicylic Acid Daily Exfoliating Body Wash,299.0,272,Extra 5% Off,9% ,1299,The,Derma Co 1% Salicylic Acid Daily Exfoliating Body Wash
O3+ D-Tan Professional Pack For De Tan,1550.0,1550,None,0%,7322,O3+,D-Tan Professional Pack For De Tan
Minimalist 3% Sepicalm Face Moisturiser With Oat Extract For...,349.0,332,None,5% ,7306,Minimalist,3% Sepicalm Face Moisturiser With Oat Extract For...
Re'equil 0.1% Retinol Night Cream For Wrinkles & Skin Tighte...,590.0,590,Extra 5% Off,0%,816,Re'equil,0.1% Retinol Night Cream For Wrinkles & Skin Tighte...
L'Oreal Paris Glycolic Bright Night Cream with Glycolic Acid...,399.0,379,None,5% ,1076,L'Oreal,Paris Glycolic Bright Night Cream with Glycolic Acid...
Forest Essentials Delicate Facial Cleanser - Kashmiri Saffro...,1550.0,1550,Get Free Product,0%,6698,Forest,Essentials Delicate Facial Cleanser - Kashmiri Saffro...
"Minimalist 3% Tranexamic Acid Serum For Melasma, Acne Scars,...",649.0,617,None,5% ,3283,Minimalist,"3% Tranexamic Acid Serum For Melasma, Acne Scars,..."
Plum Bulgarian Valley Rose Water Toner,420.0,399,Enjoy Free Gift,5% ,5138,Plum,Bulgarian Valley Rose Water Toner
Nykaa Skin Secrets Exotic Indulgence Honey + Lavender Sheet ...,100.0,100,Buy 5 Get 5 Free,0%,180612,Nykaa,Skin Secrets Exotic Indulgence Honey + Lavender Sheet ...
Clinique Take The Day Off Cleansing Balm (Makeup Remover),1200.0,1200,Enjoy Free Gift,0%,1773,Clinique,Take The Day Off Cleansing Balm (Makeup Remover)
Biotique Saffron Youth Anti-Ageing Cream,320.0,272,Extra 10% Off,15% ,3979,Biotique,Saffron Youth Anti-Ageing Cream
Nykaa Skin Secrets Exotic Indulgence Rose + Goat Milk Sheet ...,100.0,100,Buy 5 Get 5 Free,0%,180612,Nykaa,Skin Secrets Exotic Indulgence Rose + Goat Milk Sheet ...
Sanfe Intimate Lightening Serum For Dark Underarms Inner Thi...,349.0,329,Extra 5% Off,6% ,2537,Sanfe,Intimate Lightening Serum For Dark Underarms Inner Thi...
The Moms Co. Natural Vita Rich Under Eye Cream With Coffee O...,474.0,284,Enjoy Free Gift,40% ,10235,The,Moms Co. Natural Vita Rich Under Eye Cream With Coffee O...
Dot & Key Watermelon AHA Pore Tightening Alcohol Free Toner ...,395.0,316,Extra 5% Off,20% ,1590,Dot,& Key Watermelon AHA Pore Tightening Alcohol Free Toner ...
"Sebamed Lip Defense, For Dry And Chapped Lips, With SPF 30, ...",445.0,401,None,10% ,3587,Sebamed,"Lip Defense, For Dry And Chapped Lips, With SPF 30, ..."
MCaffeine Coffee Face Wash for a Fresh & Glowing Skin - Hydr...,349.0,299,Extra 10% Off,14% ,14945,MCaffeine,Coffee Face Wash for a Fresh & Glowing Skin - Hydr...
MCaffeine Exfoliating Coffee Face Scrub with Walnut & Vitami...,349.0,299,Extra 10% Off,14% ,19274,MCaffeine,Exfoliating Coffee Face Scrub with Walnut & Vitami...
Bobbi Brown Vitamin Enriched Face Base,1090.0,1090,Enjoy Free Gift,0%,2194,Bobbi,Brown Vitamin Enriched Face Base
O3+ Brightening & Whitening Dermal Zone D-Tan Pack For De Ta...,830.0,830,None,0%,7515,O3+,Brightening & Whitening Dermal Zone D-Tan Pack For De Ta...
"Kama Ayurveda Night Cream (Ayurvedic, Rejuvenating & Brighte...",1650.0,1650,Enjoy Free Gift,0%,2964,Kama,"Ayurveda Night Cream (Ayurvedic, Rejuvenating & Brighte..."
Plum Green Tea Mattifying Moisturizer,470.0,385,Enjoy Free Gift,18% ,12371,Plum,Green Tea Mattifying Moisturizer
The Ordinary Ascorbyl Glucoside Solution 12% (Vitamin C),1200.0,1200,None,0%,507,The,Ordinary Ascorbyl Glucoside Solution 12% (Vitamin C)
Biotique Bio Sea Weed Cooling Anti Fatigue Eye Gel,240.0,197,Extra 10% Off,18% ,12094,Biotique,Bio Sea Weed Cooling Anti Fatigue Eye Gel
La Shield Pollution Protect Mineral Sunscreen Gel SPF 50,299.0,209,Extra 5% Off,30% ,4315,La,Shield Pollution Protect Mineral Sunscreen Gel SPF 50
Nykaa Wanderlust Loofah,249.0,125,None,50% ,3237,Nykaa,Wanderlust Loofah
Nykaa Skin Secrets Exotic Indulgence Rice Water + White Tea ...,100.0,100,Buy 5 Get 5 Free,0%,180612,Nykaa,Skin Secrets Exotic Indulgence Rice Water + White Tea ...
Neutrogena Norwegian Formula Daily Lip Balm SPF 15 - Softens...,210.0,193,Extra 5% Off,8% ,7288,Neutrogena,Norwegian Formula Daily Lip Balm SPF 15 - Softens...
Estee Lauder Advanced Night Repair Eye Supercharged Complex ...,1820.0,1820,Enjoy Free Gift,0%,1253,Estee,Lauder Advanced Night Repair Eye Supercharged Complex ...
Biotique Honey Water Pore Tightening Brightening Toner With ...,210.0,179,Extra 10% Off,15% ,8822,Biotique,Honey Water Pore Tightening Brightening Toner With ...
Maybelline New York Baby Lips Color Balm,199.0,179,None,10% ,15709,Maybelline,New York Baby Lips Color Balm
Estee Lauder Revitalizing Supreme+ Youth Power Creme,5950.0,5950,Enjoy Free Gift,0%,494,Estee,Lauder Revitalizing Supreme+ Youth Power Creme
Lakme Peach Milk Moisturizer SPF 24 PA++,280.0,210,None,25% ,4122,Lakme,Peach Milk Moisturizer SPF 24 PA++
DIOR Addict Lip Glow,3400.0,3400,None,0%,361,DIOR,Addict Lip Glow
Nykaa Skin Secrets Exotic Indulgence Strawberry + Argan Oil ...,100.0,100,Buy 5 Get 5 Free,0%,180612,Nykaa,Skin Secrets Exotic Indulgence Strawberry + Argan Oil ...
Lakme Sun Expert SPF 50 PA+++ Ultra Matte Gel Sunscreen,325.0,260,None,20% ,9890,Lakme,Sun Expert SPF 50 PA+++ Ultra Matte Gel Sunscreen
Biotique Bio Honey Gel Refreshing Foaming Face Wash,270.0,221,Extra 10% Off,18% ,9683,Biotique,Bio Honey Gel Refreshing Foaming Face Wash
The Body Shop Vitamin E Moisture Cream,995.0,846,None,15% ,1414,The,Body Shop Vitamin E Moisture Cream
Nykaa Naturals Face Scrub,249.0,174,Enjoy Free Gift,30% ,5091,Nykaa,Naturals Face Scrub
Minimalist 8% Glycolic Acid Toner For Glowing Skin (Toner fo...,499.0,474,None,5% ,294,Minimalist,8% Glycolic Acid Toner For Glowing Skin (Toner fo...
Nykaa I-Beauty CSMS Bestseller Combo,2038.0,1325,Extra 5% Off,35% ,2106,Nykaa,I-Beauty CSMS Bestseller Combo
Lakme Peach Milk Soft Creme,180.0,144,None,20% ,19386,Lakme,Peach Milk Soft Creme
Lotus Herbals WhiteGlow Skin Whitening & Brightening Gel Cre...,290.0,218,None,25% ,7664,Lotus,Herbals WhiteGlow Skin Whitening & Brightening Gel Cre...
Vaseline Intensive Care Deep Moisture Body Lotion,575.0,431,None,25% ,15498,Vaseline,Intensive Care Deep Moisture Body Lotion
Cetaphil Bright Healthy Radiance Reveal Creamy Cleanser,700.0,595,None,15% ,1327,Cetaphil,Bright Healthy Radiance Reveal Creamy Cleanser
Dabur Gulabari Premium Rose Water,88.0,77,None,13% ,28176,Dabur,Gulabari Premium Rose Water
Raaga Professional De-Tan Removal Cream(72 gm),294.0,270,None,8% ,3966,Raaga,Professional De-Tan Removal Cream(72 gm)
Soulflower Rosemary Essential Oil 100% Pure and Natural for ...,450.0,338,None,25% ,2125,Soulflower,Rosemary Essential Oil 100% Pure and Natural for ...
Clinique Moisture Surge Intense 72H Lipid-Replenishing Hydra...,1950.0,1950,Enjoy Free Gift,0%,952,Clinique,Moisture Surge Intense 72H Lipid-Replenishing Hydra...
Aroma Magic Sunblock Lotion SPF++30 UVA/UVB,375.0,300,None,20% ,6598,Aroma,Magic Sunblock Lotion SPF++30 UVA/UVB
Himalaya Moisturizing Aloe Vera Face Gel,85.0,72,None,15% ,3768,Himalaya,Moisturizing Aloe Vera Face Gel
Nykaa Skin Secrets Exotic Indulgence Black Mud + Aloe Vera S...,100.0,100,Buy 5 Get 5 Free,0%,180612,Nykaa,Skin Secrets Exotic Indulgence Black Mud + Aloe Vera S...
Innisfree Super Volcanic Pore Clay Mask 2x,350.0,315,Enjoy Free Gift,10% ,4392,Innisfree,Super Volcanic Pore Clay Mask 2x
Dot & Key Vitamin C + E Lip Plumping Sleeping Mask,295.0,236,Extra 5% Off,20% ,182,Dot,& Key Vitamin C + E Lip Plumping Sleeping Mask
Ponds Bright Beauty Spot-less Fairness & Germ Removal Facewa...,230.0,161,None,30% ,8023,Ponds,Bright Beauty Spot-less Fairness & Germ Removal Facewa...
Dr. Sheth's Tea Tree & Lactic Acid Body Lotion,299.0,245,Extra 5% Off,18% ,650,Dr.,Sheth's Tea Tree & Lactic Acid Body Lotion
Ponds Age Miracle Retinol Combo,1624.0,1218,None,25% ,2571,Ponds,Age Miracle Retinol Combo
"NIVEA Body Lotion for Very Dry Skin, Cocoa Nourish, with Coc...",519.0,389,None,25% ,6661,NIVEA,"Body Lotion for Very Dry Skin, Cocoa Nourish, with Coc..."
Ponds Age Miracle Wrinkle Corrector Night Cream,799.0,639,None,20% ,2382,Ponds,Age Miracle Wrinkle Corrector Night Cream
Nykaa Skin Secrets Indian Rituals Saffron + Honey Sheet Mask...,100.0,100,Buy 5 Get 5 Free,0%,31547,Nykaa,Skin Secrets Indian Rituals Saffron + Honey Sheet Mask...
Mamaearth Rice Face Wash With Rice Water & Niacinamide For G...,259.0,241,Extra 10% Off,7% ,1028,Mamaearth,Rice Face Wash With Rice Water & Niacinamide For G...
Plum Candy Melts Vegan Lip Balm,295.0,250,Enjoy Free Gift,15% ,7901,Plum,Candy Melts Vegan Lip Balm
COSRX Low pH Good Morning Gel Cleanser,850.0,765,None,10% ,2119,COSRX,Low pH Good Morning Gel Cleanser
Love Beauty & Planet Natural Murumuru Butter And Rose Sulfat...,500.0,375,None,25% ,3197,Love,Beauty & Planet Natural Murumuru Butter And Rose Sulfat...
Nykaa Skin Secrets Exotic Indulgence Green Tea + Aloe Vera S...,100.0,100,Buy 5 Get 5 Free,0%,180612,Nykaa,Skin Secrets Exotic Indulgence Green Tea + Aloe Vera S...
L'Oreal Paris Glycolic Bright Day Regime,1297.0,1038,None,20% ,30,L'Oreal,Paris Glycolic Bright Day Regime
Olay Retinol Night Serum - Retinol & Niacinamide - All Skin ...,1999.0,1599,None,20% ,1353,Olay,Retinol Night Serum - Retinol & Niacinamide - All Skin ...
Plum 1% Retinol Face Serum With Bakuchiol For Smooth & Youth...,790.0,687,Enjoy Free Gift,13% ,1476,Plum,1% Retinol Face Serum With Bakuchiol For Smooth & Youth...
Minimalist 5% Aquaporin Booster Face Wash With Hyaluronic Ac...,299.0,284,None,5% ,1462,Minimalist,5% Aquaporin Booster Face Wash With Hyaluronic Ac...
Chemist At Play Exfoliating Body Wash With 2% Lactic Acid & ...,399.0,329,Enjoy Free Gift,18% ,893,Chemist,At Play Exfoliating Body Wash With 2% Lactic Acid & ...
COSRX AHA/BHA Clarifying Treatment Toner,1090.0,981,None,10% ,1023,COSRX,AHA/BHA Clarifying Treatment Toner
"Olay Vitamin C Super Serum, 99% Pure Niacinamide , 2X Glow F...",1999.0,980,None,51% ,840,Olay,"Vitamin C Super Serum, 99% Pure Niacinamide , 2X Glow F..."
MCaffeine Vitamin C Green Tea Face Serum for Glowing Skin wi...,625.0,549,Extra 10% Off,12% ,8806,MCaffeine,Vitamin C Green Tea Face Serum for Glowing Skin wi...
O3+ Facialist Mask,155.0,147,None,5% ,3048,O3+,Facialist Mask
Biotique Dandelion Youth Anti-Ageing Serum,275.0,226,Extra 10% Off,18% ,10934,Biotique,Dandelion Youth Anti-Ageing Serum
Lotus Herbals YouthRx Anti-Ageing Transforming Creme SPF 25 ...,735.0,551,None,25% ,3201,Lotus,Herbals YouthRx Anti-Ageing Transforming Creme SPF 25 ...
MCaffeine Exfoliating Espresso Body Wash - Soap Free Coffee ...,399.0,339,Extra 10% Off,15% ,4915,MCaffeine,Exfoliating Espresso Body Wash - Soap Free Coffee ...
Dot & Key Barrier Repair Hydrating Gentle Face Wash,295.0,251,Extra 5% Off,15% ,616,Dot,& Key Barrier Repair Hydrating Gentle Face Wash
Biotique Vitamin C Correcting and Brightening Moisture Treat...,250.0,205,Extra 10% Off,18% ,2870,Biotique,Vitamin C Correcting and Brightening Moisture Treat...
Mamaearth Skin Illuminate Face Serum With Vitamin C & Turmer...,599.0,539,Extra 10% Off,10% ,11311,Mamaearth,Skin Illuminate Face Serum With Vitamin C & Turmer...
TONYMOLY Fresh To Go Mask Sheet,100.0,43,Buy 5 Get 5 Free,58% ,4874,TONYMOLY,Fresh To Go Mask Sheet
Episoft AC Moisturiser SPF 30 With Microencapsulated Sunscre...,599.0,479,Extra 10% Off,20% ,1759,Episoft,AC Moisturiser SPF 30 With Microencapsulated Sunscre...
Nykaa Skin Secrets Exotic Indulgence Rice + Camellia Sheet M...,100.0,100,Buy 5 Get 5 Free,0%,180612,Nykaa,Skin Secrets Exotic Indulgence Rice + Camellia Sheet M...
Nykaa Naturals Tea Tree Essential Oil for Acne & Dandruff Co...,350.0,298,Enjoy Free Gift,15% ,32515,Nykaa,Naturals Tea Tree Essential Oil for Acne & Dandruff Co...
Nykaa Wanderlust Body Lotion - French Lavender,450.0,405,None,10% ,24390,Nykaa,Wanderlust Body Lotion - French Lavender
Plum 15% Vitamin C Face Serum With Mandarin For Glowing Skin,175.0,166,Enjoy Free Gift,5% ,464,Plum,15% Vitamin C Face Serum With Mandarin For Glowing Skin
The Ordinary Multi Peptide + HA Serum (Anti-Ageing Skin Seru...,1550.0,1550,None,0%,83,The,Ordinary Multi Peptide + HA Serum (Anti-Ageing Skin Seru...
Bioderma Sebium Hydra Moisturising Compensating Care Acne-Pr...,1195.0,1195,None,0%,637,Bioderma,Sebium Hydra Moisturising Compensating Care Acne-Pr...
Colorbar Spotlight Illuminating Lotion,950.0,760,Enjoy Free Gift,20% ,2894,Colorbar,Spotlight Illuminating Lotion
"NIVEA Women Face Wash for Dry Skin, Milk Delights Honey",185.0,111,None,40% ,7907,NIVEA,"Women Face Wash for Dry Skin, Milk Delights Honey"
Nykaa Happy Heels Footcream,249.0,199,Enjoy Free Gift,20% ,4457,Nykaa,Happy Heels Footcream
Plix 2% Alpha Arbutin Pineapple Serum for Pigmentation & Dar...,700.0,499,None,29% ,387,Plix,2% Alpha Arbutin Pineapple Serum for Pigmentation & Dar...
Innisfree Green Tea Seed Serum,980.0,823,Enjoy Free Gift,16% ,2856,Innisfree,Green Tea Seed Serum
Lakme Peach Milk Moisturizer SPF 24 PA++,280.0,210,None,25% ,4122,Lakme,Peach Milk Moisturizer SPF 24 PA++
The Pink Foundry Overnight Acne Spot Corrector,549.0,549,Get Free Product,0%,1406,The,Pink Foundry Overnight Acne Spot Corrector
Nykaa Skin Secrets Exotic Indulgence Acai Berry + Pomegranat...,100.0,100,Buy 5 Get 5 Free,0%,180612,Nykaa,Skin Secrets Exotic Indulgence Acai Berry + Pomegranat...
Be Bodywise 5% Lactic Acid Body Lotion - Improves Skin Textu...,499.0,474,Get Free Product,5% ,473,Be,Bodywise 5% Lactic Acid Body Lotion - Improves Skin Textu...
Minimalist 25% AHA + 5% PHA + 2% BHA Peeling Solution For In...,699.0,664,None,5% ,4782,Minimalist,25% AHA + 5% PHA + 2% BHA Peeling Solution For In...
Cetaphil Bright Healthy Radiance Refresh Toner,950.0,808,None,15% ,1036,Cetaphil,Bright Healthy Radiance Refresh Toner
Kama Ayurveda Eladi Hydrating Ayurvedic Face Cream,1050.0,1050,Enjoy Free Gift,0%,1054,Kama,Ayurveda Eladi Hydrating Ayurvedic Face Cream
"MCaffeine Coffee Body Polishing Oil - Moisturizes, Reduces C...",445.0,399,Extra 10% Off,10% ,11538,MCaffeine,"Coffee Body Polishing Oil - Moisturizes, Reduces C..."
Biore UV Aqua Rich Watery Essence Sunscreen SPF 50+ PA++++,1270.0,1080,None,15% ,1325,Biore,UV Aqua Rich Watery Essence Sunscreen SPF 50+ PA++++
Mamaearth Vitamin C Face Wash With Vitamin C And Turmeric Fo...,449.0,395,Extra 10% Off,12% ,6409,Mamaearth,Vitamin C Face Wash With Vitamin C And Turmeric Fo...
Cetaphil Moisturising Lotion,1300.0,1235,None,5% ,15553,Cetaphil,Moisturising Lotion
Plum Green Tea Day-Light Sunscreen Gel SPF 35 PA+++,575.0,473,Enjoy Free Gift,18% ,4099,Plum,Green Tea Day-Light Sunscreen Gel SPF 35 PA+++
Nykaa Skin Secrets Indian Rituals Sandalwood + Orange Peel S...,100.0,100,Buy 5 Get 5 Free,0%,31547,Nykaa,Skin Secrets Indian Rituals Sandalwood + Orange Peel S...
Maybelline New York Baby Lips Loves NYC Lip Balm,175.0,175,None,0%,16620,Maybelline,New York Baby Lips Loves NYC Lip Balm
O3+ Bridal Facial Kit Vitamin C Glowing Skin,780.0,780,None,0%,2472,O3+,Bridal Facial Kit Vitamin C Glowing Skin
Bio Oil Original Face & Body Oil Suitable for Acne Scar Remo...,490.0,392,None,20% ,7456,Bio,Oil Original Face & Body Oil Suitable for Acne Scar Remo...
Nykaa Cosmetics Serial Kisser Tinted Lip Balm,179.0,179,Enjoy Free Gift,0%,166,Nykaa,Cosmetics Serial Kisser Tinted Lip Balm
Kiehl's Ultra Facial Cream With Glacial Glycoprotein and Oli...,1650.0,1650,None,0%,890,Kiehl's,Ultra Facial Cream With Glacial Glycoprotein and Oli...
Plum Green Tea Day & Night C-T-M Kit,1780.0,1282,Enjoy Free Gift,28% ,72833,Plum,Green Tea Day & Night C-T-M Kit
Vaseline Sun Protect & Calming Spf 30 Body Serum Lotion,449.0,359,None,20% ,1440,Vaseline,Sun Protect & Calming Spf 30 Body Serum Lotion
"Sebamed Clear Face Care Gel, PH 5.5, Acne Prone Skin, Hyalur...",476.0,428,None,10% ,3621,Sebamed,"Clear Face Care Gel, PH 5.5, Acne Prone Skin, Hyalur..."
Neutrogena Ultra Sheer Super Value Combo,1350.0,1215,None,10% ,211,Neutrogena,Ultra Sheer Super Value Combo
PAC Aqua Blast - Water Based Moisturizer,875.0,875,Enjoy Free Gift,0%,2488,PAC,Aqua Blast - Water Based Moisturizer
Lotus Herbals WhiteGlow Skin Whitening & Brightening Gel Cre...,415.0,311,None,25% ,6345,Lotus,Herbals WhiteGlow Skin Whitening & Brightening Gel Cre...
LANEIGE Lip Sleeping Mask EX - Berry,1380.0,1242,Get Free Product,10% ,519,LANEIGE,Lip Sleeping Mask EX - Berry
Bioderma Photoderm Max Aquafluide SPF 50+ Teinte Claire High...,1675.0,1675,None,0%,434,Bioderma,Photoderm Max Aquafluide SPF 50+ Teinte Claire High...
"Le Marbelle Jade Gua Sha Stone Face Massager For Face, Neck ...",1299.0,399,None,69% ,1886,Le,"Marbelle Jade Gua Sha Stone Face Massager For Face, Neck ..."
Nykaa Naturals Tea Tree & Neem Purifying Face Wash for Acne,139.0,104,Enjoy Free Gift,25% ,30227,Nykaa,Naturals Tea Tree & Neem Purifying Face Wash for Acne
"MCaffeine Body Polishing Kit - Exfoliation, Tan Removal & Mo...",1094.0,912,Extra 10% Off,17% ,80032,MCaffeine,"Body Polishing Kit - Exfoliation, Tan Removal & Mo..."
Juicy Chemistry Blood Orange & Rosehip Organic Lip Balm - Fo...,350.0,263,None,25% ,4774,Juicy,Chemistry Blood Orange & Rosehip Organic Lip Balm - Fo...
"Plum BodyLovin' Hawaiian Rumba Shower Gel, Beachy Fragrance,...",380.0,304,Enjoy Free Gift,20% ,3013,Plum,"BodyLovin' Hawaiian Rumba Shower Gel, Beachy Fragrance,..."
Swiss Beauty Gold Serum,449.0,382,None,15% ,1000,Swiss,Beauty Gold Serum
Ponds Pure Detox Anti-Pollution Purity Face Wash With Activa...,450.0,315,None,30% ,7641,Ponds,Pure Detox Anti-Pollution Purity Face Wash With Activa...
Plum Glow & Clarify Serum Combo - 15% Vitamin C Face Serum +...,1000.0,770,Enjoy Free Gift,23% ,139,Plum,Glow & Clarify Serum Combo - 15% Vitamin C Face Serum +...
Neutrogena Deep Clean Facial Cleanser,140.0,140,Extra 5% Off,0%,10374,Neutrogena,Deep Clean Facial Cleanser
Himalaya Purifying Neem Face Wash,415.0,332,None,20% ,20463,Himalaya,Purifying Neem Face Wash
Dot & Key Cica Calming Niacinamide Sunscreen SPF 50 PA+++,595.0,506,Extra 5% Off,15% ,1650,Dot,& Key Cica Calming Niacinamide Sunscreen SPF 50 PA+++
Sanfe Promise Face Acne Patch - Pack of 36 Pimple Healing Pa...,229.0,189,Extra 5% Off,17% ,830,Sanfe,Promise Face Acne Patch - Pack of 36 Pimple Healing Pa...
Mamaearth Ultra Light Indian Sunscreen SPF50 PA+++ With Turm...,499.0,424,Extra 10% Off,15% ,5800,Mamaearth,Ultra Light Indian Sunscreen SPF50 PA+++ With Turm...
Vaseline Original Pure Skin Jelly,50.0,50,None,0%,5792,Vaseline,Original Pure Skin Jelly
"NIVEA Body Wash, Waterlily & Oil Shower Gel, Pampering Care ...",225.0,169,None,25% ,7932,NIVEA,"Body Wash, Waterlily & Oil Shower Gel, Pampering Care ..."
Mamaearth Ubtan Face Mask For Skin Brightening,499.0,449,Extra 10% Off,10% ,8396,Mamaearth,Ubtan Face Mask For Skin Brightening
Simple Kind To Skin Moisturising Facial Wash,385.0,327,None,15% ,4271,Simple,Kind To Skin Moisturising Facial Wash
Kimirica Love Story Experience Set,1249.0,937,None,25% ,235,Kimirica,Love Story Experience Set
Sol de Janeiro Brazilian Bum Bum Body Cream,890.0,890,Buy 1 Get 1 Free,0%,518,Sol,de Janeiro Brazilian Bum Bum Body Cream
Lux Black Orchid Fragrance & Juniper Oil Bodywash Shower Gel,99.0,94,None,5% ,4507,Lux,Black Orchid Fragrance & Juniper Oil Bodywash Shower Gel
MCaffeine Espresso Coffee & Walnut Face Scrub for Deep Exfol...,229.0,199,Extra 10% Off,13% ,5041,MCaffeine,Espresso Coffee & Walnut Face Scrub for Deep Exfol...
MCaffeine Natural Loofah for Deep Cleansing & Dead Skin Remo...,199.0,179,Extra 10% Off,10% ,3901,MCaffeine,Natural Loofah for Deep Cleansing & Dead Skin Remo...
Neutrogena Sheer Zinc Drytouch Mineral Face Sunscreen SPF50 ...,880.0,836,Extra 5% Off,5% ,2765,Neutrogena,Sheer Zinc Drytouch Mineral Face Sunscreen SPF50 ...
The Ordinary Squalane Cleanser,800.0,800,None,0%,650,The,Ordinary Squalane Cleanser
Innisfree Tone Up No Sebum Sunscreen EX SPF50+ PA++++,1100.0,1045,Enjoy Free Gift,5% ,1661,Innisfree,Tone Up No Sebum Sunscreen EX SPF50+ PA++++
Dot & Key Anti-Acne Salicylic Green Clay Face Mask- Reduces ...,550.0,468,Extra 5% Off,15% ,2737,Dot,& Key Anti-Acne Salicylic Green Clay Face Mask- Reduces ...
Dot & Key Anti-Acne Salicylic Green Clay Face Mask- Reduces ...,550.0,468,Extra 5% Off,15% ,2737,Dot,& Key Anti-Acne Salicylic Green Clay Face Mask- Reduces ...
The Derma Co. 15% Aha + 1% Bha Beginner Face Peeling Solutio...,499.0,459,Extra 5% Off,8% ,2539,The,Derma Co. 15% Aha + 1% Bha Beginner Face Peeling Solutio...
MCaffeine Exfoliating Coffee Body Scrub for Tan Removal & So...,279.0,265,Extra 10% Off,5% ,54292,MCaffeine,Exfoliating Coffee Body Scrub for Tan Removal & So...
Pilgrim 24K Gold Collagen Boosting Face Serum with Hyaluroni...,595.0,547,None,8% ,568,Pilgrim,24K Gold Collagen Boosting Face Serum with Hyaluroni...
Minimalist SPF 30 Lip Balm,299.0,284,None,5% ,421,Minimalist,SPF 30 Lip Balm
Bioderma Pigmentbio Foaming Cream Brightening Exfoliating Cl...,799.0,799,None,0%,603,Bioderma,Pigmentbio Foaming Cream Brightening Exfoliating Cl...
Dot & Key Watermelon Cooling Sunscreen SPF 50 PA+++ For Mois...,495.0,421,Extra 5% Off,15% ,112,Dot,& Key Watermelon Cooling Sunscreen SPF 50 PA+++ For Mois...
Glow & Lovely Advanced Multi Vitamin Face Cream,180.0,180,None,0%,3301,Glow,& Lovely Advanced Multi Vitamin Face Cream
Neutrogena Hydro Boost Cleanser Water Gel Face Wash With Hya...,930.0,884,Extra 5% Off,5% ,2033,Neutrogena,Hydro Boost Cleanser Water Gel Face Wash With Hya...
Aroma Magic Under Eye Gel Brightens And Refreshes,210.0,168,None,20% ,6646,Aroma,Magic Under Eye Gel Brightens And Refreshes
Pears Naturale Brightening Pomegranate Bodywash,210.0,160,None,24% ,8385,Pears,Naturale Brightening Pomegranate Bodywash
"Olay Total Effects Night Cream - Vitamin C,Niacinamide, Gree...",899.0,764,None,15% ,3216,Olay,"Total Effects Night Cream - Vitamin C,Niacinamide, Gree..."
Murad Vitamin C Glycolic Brightening Serum,1300.0,1300,None,0%,432,Murad,Vitamin C Glycolic Brightening Serum
Colorbar On The Go Makeup Remover Wipes,95.0,76,Enjoy Free Gift,20% ,7161,Colorbar,On The Go Makeup Remover Wipes
Minimalist 8% L-Ascorbic Acid Lip Treatment Balm,399.0,379,None,5% ,282,Minimalist,8% L-Ascorbic Acid Lip Treatment Balm
Hiphop Skin care Cleansing Charcoal Nose Strips for Women – ...,125.0,100,None,20% ,17711,Hiphop,Skin care Cleansing Charcoal Nose Strips for Women – ...
Garnier Micellar Cleansing Water Vitamin C,249.0,224,None,10% ,1839,Garnier,Micellar Cleansing Water Vitamin C
L'Oreal Paris Hydrated & Radiant Skin Kit,1287.0,1030,None,20% ,303,L'Oreal,Paris Hydrated & Radiant Skin Kit
Lotus Professional Phyto-Rx Rejuvina Herbcomplex Protective ...,545.0,436,None,20% ,4456,Lotus,Professional Phyto-Rx Rejuvina Herbcomplex Protective ...
"Mamaearth HydraGel Indian Sunscreen SPF 50, with Aloe Vera &...",399.0,347,Extra 10% Off,13% ,2721,Mamaearth,"HydraGel Indian Sunscreen SPF 50, with Aloe Vera &..."
Bella Vita Organic De-Tan Face Pack,399.0,279,None,30% ,3252,Bella,Vita Organic De-Tan Face Pack
Pilgrim Alpha Arbutin & Vitamin C Brightening Skin Face Seru...,650.0,598,None,8% ,1615,Pilgrim,Alpha Arbutin & Vitamin C Brightening Skin Face Seru...
Mario Badescu Acne Spot Corrector Drying Lotion with Salicyl...,1600.0,960,Enjoy Free Gift,40% ,823,Mario,Badescu Acne Spot Corrector Drying Lotion with Salicyl...
Dove Gentle Exfoliating Beads Body Wash For Softer Smoother ...,510.0,459,None,10% ,2148,Dove,Gentle Exfoliating Beads Body Wash For Softer Smoother ...
Minimalist 2% Granactive Retinoid Anti Aging Face Cream With...,699.0,664,None,5% ,2648,Minimalist,2% Granactive Retinoid Anti Aging Face Cream With...
Pears Pure & Gentle Body Wash Original,349.0,279,None,20% ,2600,Pears,Pure & Gentle Body Wash Original
"Sunscoop Fluid Body SPF 60 Hybrid Sunscreen, Transfer Proof ...",695.0,549,None,21% ,210,Sunscoop,"Fluid Body SPF 60 Hybrid Sunscreen, Transfer Proof ..."
Cetaphil Baby Daily Lotion With Shea Butter,770.0,655,None,15% ,1458,Cetaphil,Baby Daily Lotion With Shea Butter
Nykaa Skin Secrets Exotic Indulgence Avocado + Moringa Sheet...,100.0,100,Buy 5 Get 5 Free,0%,180612,Nykaa,Skin Secrets Exotic Indulgence Avocado + Moringa Sheet...
O3+ Whitening Facial Kit With Brightening & Whitening Peel O...,510.0,510,None,0%,1863,O3+,Whitening Facial Kit With Brightening & Whitening Peel O...
Nykaa Skin Secrets Exotic Indulgence Charcoal + Bamboo Sheet...,100.0,100,Buy 5 Get 5 Free,0%,180612,Nykaa,Skin Secrets Exotic Indulgence Charcoal + Bamboo Sheet...
The Derma Co. 2% Niacinamide Hydrating BB Cream with SPF 30 ...,399.0,363,Extra 5% Off,9% ,137,The,Derma Co. 2% Niacinamide Hydrating BB Cream with SPF 30 ...
Thank You Farmer Sun Project Silky Calming Sun Stick SPF50+ ...,2399.0,1919,None,20% ,246,Thank,You Farmer Sun Project Silky Calming Sun Stick SPF50+ ...
The Derma Co. 2% Kojic Acid Face Cream For Pigmentation,499.0,454,Extra 5% Off,9% ,2212,The,Derma Co. 2% Kojic Acid Face Cream For Pigmentation
Fixderma Shadow SPF 50+ Cream To Protect Broad Spectrum,550.0,484,None,12% ,69,Fixderma,Shadow SPF 50+ Cream To Protect Broad Spectrum
Lotus Herbals Whiteglow 3-in-1 Deep Cleansing Skin Whitening...,165.0,124,None,25% ,6748,Lotus,Herbals Whiteglow 3-in-1 Deep Cleansing Skin Whitening...
MCaffeine Tan Removal Coffee Clay Face Mask - Pore Cleansing...,575.0,489,Extra 10% Off,15% ,9468,MCaffeine,Tan Removal Coffee Clay Face Mask - Pore Cleansing...
The Body Shop British Rose Body Yogurt,995.0,846,None,15% ,1699,The,Body Shop British Rose Body Yogurt
Pilgrim 24K Gold Facial Mask for Glowing & Radiant Skin Depi...,495.0,455,None,8% ,692,Pilgrim,24K Gold Facial Mask for Glowing & Radiant Skin Depi...
The Face Shop Rice & Ceramide Moisturizing Cream With Polygl...,990.0,941,Enjoy Free Gift,5% ,1592,The,Face Shop Rice & Ceramide Moisturizing Cream With Polygl...
Garnier Skin Naturals Face Serum Sheet Mask,99.0,99,None,0%,16294,Garnier,Skin Naturals Face Serum Sheet Mask
Mountainor Acne Pimple Patch - Tea Tree Oil + Hydrocolloid P...,499.0,259,None,48% ,372,Mountainor,Acne Pimple Patch - Tea Tree Oil + Hydrocolloid P...
Charlotte Tilbury Charlotte's Magic Cream,5650.0,5650,None,0%,351,Charlotte,Tilbury Charlotte's Magic Cream
Plum Green Tea Revitalizing Face Mist,360.0,342,Enjoy Free Gift,5% ,7686,Plum,Green Tea Revitalizing Face Mist
"NIVEA Women Face Wash for Normal Skin, Milk Delights Saffron",185.0,111,None,40% ,5554,NIVEA,"Women Face Wash for Normal Skin, Milk Delights Saffron"
Cetaphil Pro Oil Control Foam Face Wash For Acne & Oily Pron...,880.0,748,None,15% ,750,Cetaphil,Pro Oil Control Foam Face Wash For Acne & Oily Pron...
Ponds Vitamin With 100% Natural Extracts Sheet Mask,75.0,75,Buy 5 Get 3 Free,0%,8517,Ponds,Vitamin With 100% Natural Extracts Sheet Mask
Lotus Professional Phyto-Rx Whitening & Brightening Night Cr...,725.0,580,None,20% ,3865,Lotus,Professional Phyto-Rx Whitening & Brightening Night Cr...
L'Oreal Paris Revitalift Hyaluronic Acid Eye Serum,899.0,764,None,15% ,65,L'Oreal,Paris Revitalift Hyaluronic Acid Eye Serum
"Sebamed Clear Face Foam, PH 5.5, Acne, Pimples & Blackheads,...",580.0,522,None,10% ,2898,Sebamed,"Clear Face Foam, PH 5.5, Acne, Pimples & Blackheads,..."
Wishcare SPF50 Sunscreen Body Lotion Broad Spectrum - PA+++ ...,499.0,387,None,22% ,241,Wishcare,SPF50 Sunscreen Body Lotion Broad Spectrum - PA+++ ...
Nykaa Serial Kisser Lip Balm,149.0,112,Enjoy Free Gift,25% ,15450,Nykaa,Serial Kisser Lip Balm
Bella Vita Organic EyeLift Under Eye Cream Gel for Dark Circ...,325.0,228,None,30% ,3542,Bella,Vita Organic EyeLift Under Eye Cream Gel for Dark Circ...
Nykaa Skin Secrets Indian Rituals Cucumber + Aloe Vera Sheet...,100.0,100,Buy 5 Get 5 Free,0%,31547,Nykaa,Skin Secrets Indian Rituals Cucumber + Aloe Vera Sheet...
Bio-Oil Original Face & Body Oil Suitable for Acne Scar Remo...,790.0,632,None,20% ,12410,Bio-Oil,Original Face & Body Oil Suitable for Acne Scar Remo...
Mamaearth Vitamin C Daily Glow Face Cream With Vitamin C & T...,249.0,232,Extra 10% Off,7% ,517,Mamaearth,Vitamin C Daily Glow Face Cream With Vitamin C & T...
MCaffeine Oil-Free Coffee Face Moisturizer Gel with Hyaluron...,449.0,399,Extra 10% Off,11% ,3109,MCaffeine,Oil-Free Coffee Face Moisturizer Gel with Hyaluron...
Dove Deep Moisture Body Wash,480.0,432,None,10% ,1689,Dove,Deep Moisture Body Wash
Dove Deep Moisture Body Wash,480.0,432,None,10% ,1689,Dove,Deep Moisture Body Wash
Himalaya Moisturising Aloe Vera Facial Wipes,120.0,102,None,15% ,13962,Himalaya,Moisturising Aloe Vera Facial Wipes
Nykaa Wanderlust Body Lotion - Japanese Cherry Blossom,450.0,405,None,10% ,24390,Nykaa,Wanderlust Body Lotion - Japanese Cherry Blossom
Neutrogena Oil Free Face Moisturizer SPF 15 For Long Lasting...,550.0,506,Extra 5% Off,8% ,4747,Neutrogena,Oil Free Face Moisturizer SPF 15 For Long Lasting...
PIXI On-the-Glow,1950.0,1950,None,0%,262,PIXI,On-the-Glow
Re'equil Under Eye Cream,550.0,550,Extra 5% Off,0%,1410,Re'equil,Under Eye Cream
Mamaearth Bye Bye Dark Circles Eye Cream,399.0,371,Extra 10% Off,7% ,7824,Mamaearth,Bye Bye Dark Circles Eye Cream
Clinique Moisture Glow-to's Set With Moisture Surge 100H (30...,1950.0,1950,None,0%,43,Clinique,Moisture Glow-to's Set With Moisture Surge 100H (30...
O3+ Pedilogix Bubble Gum Manicure Pedicure Kit,245.0,233,None,5% ,2265,O3+,Pedilogix Bubble Gum Manicure Pedicure Kit
The Derma Co. Kojic Acid + Glutathione Daily Syndet Soap,299.0,272,Extra 5% Off,9% ,627,The,Derma Co. Kojic Acid + Glutathione Daily Syndet Soap
The Derma Co 1% Salicylic Acid Gel Daily Face Wash,149.0,136,Extra 5% Off,9% ,1824,The,Derma Co 1% Salicylic Acid Gel Daily Face Wash
Lotus Herbals Safe Sun Block Cream SPF 30 PA++ (Indian Summe...,265.0,199,None,25% ,3098,Lotus,Herbals Safe Sun Block Cream SPF 30 PA++ (Indian Summe...
Minimalist 6% Oat Extract Gentle Face Wash With Hyaluronic A...,299.0,284,None,5% ,1905,Minimalist,6% Oat Extract Gentle Face Wash With Hyaluronic A...
Mamaearth Vitamin C Oil-free Moisturizer For Face With Vitam...,319.0,281,Extra 10% Off,12% ,2247,Mamaearth,Vitamin C Oil-free Moisturizer For Face With Vitam...
Lakme Absol Perfect Radiance Serum,599.0,479,None,20% ,239,Lakme,Absol Perfect Radiance Serum
The Derma Co. 20% Vitamin C Face Serum For Skin Radiance,899.0,818,Extra 5% Off,9% ,1507,The,Derma Co. 20% Vitamin C Face Serum For Skin Radiance
Lakme Deep Cleanser Cleansing Milk,150.0,128,None,15% ,7041,Lakme,Deep Cleanser Cleansing Milk
Mamaearth Rice Oil-Free Face Moisturizer With Rice Water & N...,319.0,271,Extra 10% Off,15% ,896,Mamaearth,Rice Oil-Free Face Moisturizer With Rice Water & N...
Pond's Bright Beauty Spot-less Glow Niacinamide Serum,449.0,382,None,15% ,1255,Pond's,Bright Beauty Spot-less Glow Niacinamide Serum
Cetaphil Daily Exfoliating Cleanser,850.0,723,None,15% ,1332,Cetaphil,Daily Exfoliating Cleanser
Dot & Key Watermelon Matte Glow Moisturizer With Glycolic Ac...,495.0,421,Extra 5% Off,15% ,1180,Dot,& Key Watermelon Matte Glow Moisturizer With Glycolic Ac...
Dr. Sheth's Neem & Salicylic Acid Face Wash,299.0,263,Extra 5% Off,12% ,361,Dr.,Sheth's Neem & Salicylic Acid Face Wash
O3+ Shine & Glow Facial Kit For Instant Glow,650.0,605,None,7% ,712,O3+,Shine & Glow Facial Kit For Instant Glow
Nykaa Wanderlust Body Milk,450.0,225,None,50% ,3684,Nykaa,Wanderlust Body Milk
The Derma Co. 2% Salicylic Acid Mask For Acne & Blemish Pron...,499.0,459,Extra 5% Off,8% ,1236,The,Derma Co. 2% Salicylic Acid Mask For Acne & Blemish Pron...
Sanfe Underarm Lightening & Depigmentation Serum for Women w...,399.0,303,Extra 5% Off,24% ,1414,Sanfe,Underarm Lightening & Depigmentation Serum for Women w...
Lakme Sun Expert SPF 30 PA++ Ultra Matte Lotion Sunscreen,275.0,220,None,20% ,4769,Lakme,Sun Expert SPF 30 PA++ Ultra Matte Lotion Sunscreen
Lakme Absolute Perfect Radiance Serum With 98% Pure Niacinam...,599.0,479,None,20% ,239,Lakme,Absolute Perfect Radiance Serum With 98% Pure Niacinam...
MCaffeine Creamy Coffee Body Scrub with Berries - Moisturize...,449.0,449,Extra 10% Off,0%,314,MCaffeine,Creamy Coffee Body Scrub with Berries - Moisturize...
The Body Shop Vitamin C Glow Boosting Moisturiser,2295.0,1951,None,15% ,1142,The,Body Shop Vitamin C Glow Boosting Moisturiser
Minimalist SPF 40 Water & Sweat Resistant Invisible Sunscree...,699.0,664,None,5% ,112,Minimalist,SPF 40 Water & Sweat Resistant Invisible Sunscree...
Mamaearth Vitamin C Foaming Face Wash with Vitamin C & Turme...,399.0,339,Extra 10% Off,15% ,8511,Mamaearth,Vitamin C Foaming Face Wash with Vitamin C & Turme...
Olay Natural White Instant Glowing Fairness Skin Cream with ...,189.0,189,None,0%,6628,Olay,Natural White Instant Glowing Fairness Skin Cream with ...
Nykaa Naturals Haldi & Chandan Face Wash for Radiant Skin,139.0,111,Enjoy Free Gift,20% ,30227,Nykaa,Naturals Haldi & Chandan Face Wash for Radiant Skin
Sanfe Brightening Back And Bum Cream with Peony & Lemon,349.0,299,Extra 5% Off,14% ,1624,Sanfe,Brightening Back And Bum Cream with Peony & Lemon
The Derma Co. Ceramide + Ha Intense Daily Face Moisturizer F...,349.0,321,Extra 5% Off,8% ,1160,The,Derma Co. Ceramide + Ha Intense Daily Face Moisturizer F...
Mamaearth Ubtan Facial Kit With Turmeric & Saffron For Glowi...,399.0,359,Extra 10% Off,10% ,309,Mamaearth,Ubtan Facial Kit With Turmeric & Saffron For Glowi...
"Purna Gummies Vitamin C Orange Gummies with Vitamin D3, and ...",499.0,99,None,80% ,2593,Purna,"Gummies Vitamin C Orange Gummies with Vitamin D3, and ..."
LANEIGE Watery Sun Cream SPF50+ PA++++,1650.0,1485,Get Free Product,10% ,482,LANEIGE,Watery Sun Cream SPF50+ PA++++
Dot & Key 10% Niacinamide Cica Face Serum With 3% Tranexamic...,599.0,509,Extra 5% Off,15% ,643,Dot,& Key 10% Niacinamide Cica Face Serum With 3% Tranexamic...
Ponds Light Moisturiser Non-Oily Fresh Feel With Vitamin E +...,360.0,288,None,20% ,18846,Ponds,Light Moisturiser Non-Oily Fresh Feel With Vitamin E +...
L'Oreal Paris Glycolic Bright Kit,1497.0,1198,None,20% ,6,L'Oreal,Paris Glycolic Bright Kit
Nykaa Skin Secrets Active Solutions Collagen + Grapefruit Sh...,100.0,100,Buy 5 Get 5 Free,0%,11093,Nykaa,Skin Secrets Active Solutions Collagen + Grapefruit Sh...
"Sanfe Spotlite Cream for Body, Dark Neck- Joints and Skinfol...",599.0,510,Extra 5% Off,15% ,248,Sanfe,"Spotlite Cream for Body, Dark Neck- Joints and Skinfol..."
The Ordinary Lactic Acid 10% + HA,750.0,750,None,0%,594,The,Ordinary Lactic Acid 10% + HA
Nykaa Naturals Cucumber & Aloe Vera Face Wash for Hydrated S...,139.0,111,Enjoy Free Gift,20% ,30227,Nykaa,Naturals Cucumber & Aloe Vera Face Wash for Hydrated S...
Tulips White Cotton Balls,55.0,47,None,15% ,8571,Tulips,White Cotton Balls
Pilgrim Retinol Night Cream with Vitamin C & Hyaluronic Acid,650.0,598,None,8% ,1586,Pilgrim,Retinol Night Cream with Vitamin C & Hyaluronic Acid
Dot & Key Watermelon Superglow Facial Gel Cleanser,295.0,251,Extra 5% Off,15% ,1763,Dot,& Key Watermelon Superglow Facial Gel Cleanser
TONYMOLY Egg Pore Nose Pack,50.0,43,None,15% ,8145,TONYMOLY,Egg Pore Nose Pack
Forest Essentials Facial Tonic Mist Pure Rosewater,1150.0,1150,Get Free Product,0%,4299,Forest,Essentials Facial Tonic Mist Pure Rosewater
Aqualogica Glow+ Juicy Dew Drops with Vitamin C & Papaya,699.0,615,Enjoy Free Gift,12% ,836,Aqualogica,Glow+ Juicy Dew Drops with Vitamin C & Papaya
The Derma Co Micro-tip Salicylic Acid Acne Patches With Hydr...,599.0,563,Extra 5% Off,6% ,673,The,Derma Co Micro-tip Salicylic Acid Acne Patches With Hydr...
L'Oreal Paris Revitalift Hyaluronic Acid Gel Cleanser for Ge...,315.0,284,None,10% ,5258,L'Oreal,Paris Revitalift Hyaluronic Acid Gel Cleanser for Ge...
MCaffeine Coffee Lip Scrub for Chapped & Pigmented Lips - Na...,299.0,249,Extra 10% Off,17% ,2803,MCaffeine,Coffee Lip Scrub for Chapped & Pigmented Lips - Na...
Cetaphil Gentle Cleansing & Moisturizing Combo,841.0,757,None,10% ,393,Cetaphil,Gentle Cleansing & Moisturizing Combo
"Plum Glow Boost Combo - Fights Acne, Hyperpigmentation & Dar...",1755.0,1264,Enjoy Free Gift,28% ,47649,Plum,"Glow Boost Combo - Fights Acne, Hyperpigmentation & Dar..."
Nykaa Naturals Facial Oil - Pure Cold Pressed,500.0,350,Enjoy Free Gift,30% ,8458,Nykaa,Naturals Facial Oil - Pure Cold Pressed
COSRX BHA Blackhead Power Liquid,1590.0,1431,None,10% ,1150,COSRX,BHA Blackhead Power Liquid
Colorbar On The Go Makeup Remover Wipes,250.0,200,Enjoy Free Gift,20% ,2118,Colorbar,On The Go Makeup Remover Wipes
LANEIGE Water Sleeping Mask EX,2240.0,2016,Get Free Product,10% ,210,LANEIGE,Water Sleeping Mask EX
Aroma Magic Bridal Glow Facial Kit for Single Use,190.0,152,None,20% ,2762,Aroma,Magic Bridal Glow Facial Kit for Single Use
Aqualogica Glow+ Jello Moisturizer with Papaya & Vitamin C,499.0,439,Enjoy Free Gift,12% ,622,Aqualogica,Glow+ Jello Moisturizer with Papaya & Vitamin C
"Le Marbelle Jade Roller Face Massager Face Roller For Face, ...",1499.0,399,None,73% ,1873,Le,"Marbelle Jade Roller Face Massager Face Roller For Face, ..."
Be Bodywise 5% Niacinamide Body Wash with Aloe Vera Extract ...,399.0,349,Get Free Product,13% ,136,Be,Bodywise 5% Niacinamide Body Wash with Aloe Vera Extract ...
O3+ Radiant Day Cream SPF-30 Brightening & Radiant Dermal Zo...,1050.0,945,None,10% ,1134,O3+,Radiant Day Cream SPF-30 Brightening & Radiant Dermal Zo...
Nykaa Lip Crush Macaron Lip Balm - Strawberry 06,279.0,251,Enjoy Free Gift,10% ,28444,Nykaa,Lip Crush Macaron Lip Balm - Strawberry 06
"Bioderma Photoderm MAX Creme SPF 50+ High Protection, Water ...",999.0,999,None,0%,630,Bioderma,"Photoderm MAX Creme SPF 50+ High Protection, Water ..."
TNW The Natural Wash 100% Steam Distilled Rose Water Face To...,450.0,360,Enjoy Free Gift,20% ,2702,TNW,The Natural Wash 100% Steam Distilled Rose Water Face To...
Lacto Calamine Daily Sunscreen Kaolin Clay SPF 50 PA +++,349.0,175,None,50% ,1349,Lacto,Calamine Daily Sunscreen Kaolin Clay SPF 50 PA +++
Lotus Herbals Radiant Gold Cellular Glow Facial Kit (Single ...,285.0,214,None,25% ,4055,Lotus,Herbals Radiant Gold Cellular Glow Facial Kit (Single ...
"NIVEA Body Lotion for Dry Skin, Shea Smooth, with Shea Butte...",425.0,319,None,25% ,4829,NIVEA,"Body Lotion for Dry Skin, Shea Smooth, with Shea Butte..."
WishCare Pure & Natural Kannauj Rose Water For Skin Face & H...,399.0,339,None,15% ,2710,WishCare,Pure & Natural Kannauj Rose Water For Skin Face & H...
The Ordinary The Daily Set,1700.0,1700,None,0%,125,The,Ordinary The Daily Set
Swiss Beauty Daily Essentials Cleansing Wipes,89.0,80,None,10% ,1486,Swiss,Beauty Daily Essentials Cleansing Wipes
Re'equil Fruit Aha Face Wash,490.0,490,Extra 5% Off,0%,2297,Re'equil,Fruit Aha Face Wash
Bobbi Brown Extra Lip Tint,2750.0,2750,Enjoy Free Gift,0%,755,Bobbi,Brown Extra Lip Tint
Neutrogena Hydro Boost Emulsion Face Moisturizer With 10X Hy...,1150.0,1093,Extra 5% Off,5% ,1628,Neutrogena,Hydro Boost Emulsion Face Moisturizer With 10X Hy...
Biotique Natural Herbcolor Hair Color 3n - Darkest Brown (Pa...,500.0,350,None,30% ,29,Biotique,Natural Herbcolor Hair Color 3n - Darkest Brown (Pa...
Nykaa Skin Secrets Indian Rituals Amla + Papaya Sheet Mask F...,100.0,100,Buy 5 Get 5 Free,0%,31547,Nykaa,Skin Secrets Indian Rituals Amla + Papaya Sheet Mask F...
COSRX Salicylic Acid Daily Gentle Cleanser,850.0,765,None,10% ,942,COSRX,Salicylic Acid Daily Gentle Cleanser
Nykaa Wanderlust Body Yogurt,550.0,275,None,50% ,2646,Nykaa,Wanderlust Body Yogurt
Klairs Midnight Blue Calming Cream,2100.0,1785,None,15% ,790,Klairs,Midnight Blue Calming Cream
Dot & Key Cica Niacinamide Anti-Acne Skin Clarifying Alcohol...,395.0,316,Extra 5% Off,20% ,1338,Dot,& Key Cica Niacinamide Anti-Acne Skin Clarifying Alcohol...
Nykaa Happy Heels Footcream - Tea Tree & Aloe Vera,249.0,199,Enjoy Free Gift,20% ,4457,Nykaa,Happy Heels Footcream - Tea Tree & Aloe Vera
L'Oreal Paris Uv Defender Serum Protector Sunscreen Spf 50+,699.0,699,None,0%,861,L'Oreal,Paris Uv Defender Serum Protector Sunscreen Spf 50+
The Face Shop Rice & Ceramide Moisturizing Toner,849.0,849,Enjoy Free Gift,0%,2137,The,Face Shop Rice & Ceramide Moisturizing Toner
Nykaa Naturals Bathing Soap,100.0,70,Enjoy Free Gift,30% ,5363,Nykaa,Naturals Bathing Soap
L'Oreal Paris Revitalift Revitalift Triple Action day cream,1599.0,1599,None,0%,1163,L'Oreal,Paris Revitalift Revitalift Triple Action day cream
"Plum BodyLovin' Vanilla Vibes Shower Gel, Vanilla Fragrance,...",380.0,293,Enjoy Free Gift,23% ,1040,Plum,"BodyLovin' Vanilla Vibes Shower Gel, Vanilla Fragrance,..."
Maybelline New York Baby Lips Color Bloom,199.0,175,None,12% ,5924,Maybelline,New York Baby Lips Color Bloom
Lakme Blush & Glow Sheet Mask,100.0,100,Buy 5 Get 3 Free,0%,7250,Lakme,Blush & Glow Sheet Mask
Olay Total Effects 7 In One Anti-Ageing Day Cream Normal SPF...,798.0,638,None,20% ,5471,Olay,Total Effects 7 In One Anti-Ageing Day Cream Normal SPF...
Plum Saffron & Kumkumadi Oil Glow Bright Moisturizer With SP...,399.0,347,Enjoy Free Gift,13% ,225,Plum,Saffron & Kumkumadi Oil Glow Bright Moisturizer With SP...
Plum Green Tea Daily C-T-M Kit,1205.0,844,Enjoy Free Gift,30% ,53312,Plum,Green Tea Daily C-T-M Kit
Deconstruct Retinol & Peptide Serum- 0.2% Retinol + 1% Pepti...,799.0,679,None,15% ,604,Deconstruct,Retinol & Peptide Serum- 0.2% Retinol + 1% Pepti...
Nykaa Skin Secrets Exotic Indulgence Matcha Tea+Chamomile Sh...,100.0,100,Buy 5 Get 5 Free,0%,180612,Nykaa,Skin Secrets Exotic Indulgence Matcha Tea+Chamomile Sh...
Clean & Clear Foaming Face Wash,195.0,176,None,10% ,7595,Clean,& Clear Foaming Face Wash
Plum 1.5% Vitamin C Toner With Mandarin For Glowing Skin,425.0,364,Enjoy Free Gift,14% ,865,Plum,1.5% Vitamin C Toner With Mandarin For Glowing Skin
"NIVEA Body Lotion, Aloe Hydration, with Aloe Vera, for Smoot...",759.0,531,None,30% ,4574,NIVEA,"Body Lotion, Aloe Hydration, with Aloe Vera, for Smoot..."
Ponds Bright Beauty Spot-less Glow FaceWash With Vitamins fo...,230.0,161,None,30% ,8023,Ponds,Bright Beauty Spot-less Glow FaceWash With Vitamins fo...
L'Oreal Paris Revitalift Anti-Wrinkle And Firming Night Crea...,949.0,854,None,10% ,811,L'Oreal,Paris Revitalift Anti-Wrinkle And Firming Night Crea...
Bath & Body Works A Thousand Wishes Shower Gel,1649.0,1649,Buy 3 Get 1 Free,0%,536,Bath,& Body Works A Thousand Wishes Shower Gel
Bioderma Sensibio Gentle Soothing Micellar Cleansing Foaming...,449.0,449,None,0%,482,Bioderma,Sensibio Gentle Soothing Micellar Cleansing Foaming...
Plum Specialist Serums - Starter Pack Of 5,690.0,531,Enjoy Free Gift,23% ,560,Plum,Specialist Serums - Starter Pack Of 5
Biotique Skin Care Combo,450.0,315,None,30% ,41722,Biotique,Skin Care Combo
The Face Shop Rice Water Bright Rich Cleansing Oil,1190.0,1131,Enjoy Free Gift,5% ,661,The,Face Shop Rice Water Bright Rich Cleansing Oil
Dr. Sheth's Haldi & Hyaluronic Acid Oil-Free Moisturizer,349.0,304,Extra 5% Off,13% ,436,Dr.,Sheth's Haldi & Hyaluronic Acid Oil-Free Moisturizer
Nykaa Skin Secrets Indian Rituals Tea Tree + Aloe Vera Sheet...,100.0,100,Buy 5 Get 5 Free,0%,31547,Nykaa,Skin Secrets Indian Rituals Tea Tree + Aloe Vera Sheet...
Biotique Advanced Organics Vitamin C Dark Spot Solution,560.0,459,Extra 10% Off,18% ,1774,Biotique,Advanced Organics Vitamin C Dark Spot Solution
Nykaa Naturals Papaya & Amla Face Wash for Anti-Pigmentation,139.0,111,Enjoy Free Gift,20% ,30227,Nykaa,Naturals Papaya & Amla Face Wash for Anti-Pigmentation
Neutrogena Bright Boost Illuminating Face Serum With Neogluc...,1299.0,1234,Extra 5% Off,5% ,715,Neutrogena,Bright Boost Illuminating Face Serum With Neogluc...
The Derma Co. Pore Minimizing Face Serum With 4% Niacinamide...,599.0,551,Extra 5% Off,8% ,349,The,Derma Co. Pore Minimizing Face Serum With 4% Niacinamide...
Plum 2% Hyaluronic Acid Serum With Bulgarian Rose,790.0,687,Enjoy Free Gift,13% ,1313,Plum,2% Hyaluronic Acid Serum With Bulgarian Rose
Lotus Herbals WhiteGlow Skin Whitening & Brightening Nourish...,455.0,341,None,25% ,3972,Lotus,Herbals WhiteGlow Skin Whitening & Brightening Nourish...
Lakme Youth Infinity Day Creme,949.0,759,None,20% ,962,Lakme,Youth Infinity Day Creme
Lotus Professional Phyto-Rx Whitening & Brightening Serum,745.0,596,None,20% ,3438,Lotus,Professional Phyto-Rx Whitening & Brightening Serum
Minimalist Retinol 0.6% Anti Aging Mid-Strength Formula For ...,649.0,617,None,5% ,280,Minimalist,Retinol 0.6% Anti Aging Mid-Strength Formula For ...
O3+ Night Repair Cream Brightening & Glow Boosting Dermal Zo...,955.0,860,None,10% ,1371,O3+,Night Repair Cream Brightening & Glow Boosting Dermal Zo...
Klairs Supple Preparation Facial Toner,1430.0,1216,None,15% ,2028,Klairs,Supple Preparation Facial Toner
Plum Green Tea Renewed Clarity Night Gel Mini,195.0,195,Enjoy Free Gift,0%,619,Plum,Green Tea Renewed Clarity Night Gel Mini
Fixderma Nigrifix Cream,400.0,352,None,12% ,172,Fixderma,Nigrifix Cream
TONYMOLY Master Lab Mask Sheet,150.0,150,Buy 5 Get 5 Free,0%,2586,TONYMOLY,Master Lab Mask Sheet
Avene Cleanance Cleansing Gel,1616.0,1616,None,0%,2567,Avene,Cleanance Cleansing Gel
Minimalist 0.3% Ceramide Barrier Repair Moisturizing Cream F...,599.0,569,None,5% ,406,Minimalist,0.3% Ceramide Barrier Repair Moisturizing Cream F...
Wanderlust French Lavender Bath & Body self care Gift sets &...,2699.0,2024,None,25% ,149,Wanderlust,French Lavender Bath & Body self care Gift sets &...
Mamaearth Face Wash With Tea Tree Oil And Neem Extract For A...,449.0,395,Extra 10% Off,12% ,3881,Mamaearth,Face Wash With Tea Tree Oil And Neem Extract For A...
Charlotte Tilbury Charlotte's Magic Serum Crystal Elixir,2550.0,2550,None,0%,112,Charlotte,Tilbury Charlotte's Magic Serum Crystal Elixir
O3+ Anti Ageing Single Dose Kit,510.0,485,None,5% ,350,O3+,Anti Ageing Single Dose Kit
Re'equil Sheer Zinc Tinted Sunscreen Spf 50 Pa+++ 100% Miner...,895.0,761,Extra 5% Off,15% ,1082,Re'equil,Sheer Zinc Tinted Sunscreen Spf 50 Pa+++ 100% Miner...
Vaseline Derma Care Advanced Repair Body Lotion,449.0,337,None,25% ,3048,Vaseline,Derma Care Advanced Repair Body Lotion
OxyLife Natural Radiance 5 Creme Bleach,95.0,84,None,12% ,3989,OxyLife,Natural Radiance 5 Creme Bleach
Parachute Advansed Olive & Almond Body Oil,135.0,108,Enjoy Free Gift,20% ,2898,Parachute,Advansed Olive & Almond Body Oil
Mamaearth Milky Soft Face Cream for Babies with Milk Protein...,199.0,179,Extra 10% Off,10% ,3542,Mamaearth,Milky Soft Face Cream for Babies with Milk Protein...
Nykaa Wanderlust Body Lotion - Mediterranean Sea Salt,450.0,405,None,10% ,24390,Nykaa,Wanderlust Body Lotion - Mediterranean Sea Salt
Neutrogena Oil Free Acne Face Wash Pink Grapefruit With 2.0%...,725.0,667,Extra 5% Off,8% ,3538,Neutrogena,Oil Free Acne Face Wash Pink Grapefruit With 2.0%...
The Body Shop Strawberry Shower Gel,395.0,336,None,15% ,2333,The,Body Shop Strawberry Shower Gel
Lakme Peach Milk Ultra Light Gel,240.0,192,None,20% ,3629,Lakme,Peach Milk Ultra Light Gel
Power Gummies Jaw Dropping Skin Collagen Builder Gummies & G...,1300.0,1040,None,20% ,440,Power,Gummies Jaw Dropping Skin Collagen Builder Gummies & G...
Aqualogica Radiance+ Jello Moisturizer with Watermelon & Nia...,499.0,439,Enjoy Free Gift,12% ,346,Aqualogica,Radiance+ Jello Moisturizer with Watermelon & Nia...
MCaffeine Vitamin C Green Tea Night Cream with Hyaluronic Ac...,575.0,499,Extra 10% Off,13% ,4792,MCaffeine,Vitamin C Green Tea Night Cream with Hyaluronic Ac...
Lakme Absolute Perfect Radiance Skin Brightening Night Creme,499.0,399,None,20% ,4942,Lakme,Absolute Perfect Radiance Skin Brightening Night Creme
Lakme Absolute Perfect Radiance Skin Brightening Night Creme,499.0,399,None,20% ,4942,Lakme,Absolute Perfect Radiance Skin Brightening Night Creme
Forest Essentials SUN FLUID Tender Coconut Water with Turmer...,1275.0,1275,Get Free Product,0%,888,Forest,Essentials SUN FLUID Tender Coconut Water with Turmer...
Forest Essentials Advanced Soundarya Age Defying Facial Seru...,2225.0,2225,Get Free Product,0%,398,Forest,Essentials Advanced Soundarya Age Defying Facial Seru...
Earth Rhythm Ultra Defence Hybrid Sun Fluid - SPF 50,715.0,536,None,25% ,1821,Earth,Rhythm Ultra Defence Hybrid Sun Fluid - SPF 50
Bella Vita Organic NicoLips Lip Lightening Scrub Balm,450.0,315,None,30% ,2403,Bella,Vita Organic NicoLips Lip Lightening Scrub Balm
The Derma Co. 0.3% Retinol Face Serum For Spotless Skin,799.0,735,Extra 5% Off,8% ,880,The,Derma Co. 0.3% Retinol Face Serum For Spotless Skin
Nykaa Face Massage Rollers,3499.0,2449,Enjoy Free Gift,30% ,1281,Nykaa,Face Massage Rollers
Plum Salicylic Acid Foaming Face Wash With Fruit AHAs,325.0,283,Enjoy Free Gift,13% ,395,Plum,Salicylic Acid Foaming Face Wash With Fruit AHAs
Plum Chamomile & White Tea Sheer Matte Day Cream SPF50 PA+++...,520.0,470,Enjoy Free Gift,10% ,2057,Plum,Chamomile & White Tea Sheer Matte Day Cream SPF50 PA+++...
The Ordinary Salicylic Acid 2% Masque,1100.0,1100,None,0%,343,The,Ordinary Salicylic Acid 2% Masque
"Minimalist 5% Niacinamide Body Lotion With Shea Butter, Glyc...",299.0,284,None,5% ,674,Minimalist,"5% Niacinamide Body Lotion With Shea Butter, Glyc..."
L'Oreal Paris Revitalift Anti-Wrinkles + Radiance Moisturizi...,949.0,854,None,10% ,2044,L'Oreal,Paris Revitalift Anti-Wrinkles + Radiance Moisturizi...
"NIVEA Body Lotion, Aloe Protection SPF 15, for Daily Sun Pro...",275.0,193,None,30% ,2053,NIVEA,"Body Lotion, Aloe Protection SPF 15, for Daily Sun Pro..."
Nykaa Naturals CleanTouch 2 in 1 Face Brush & Massager for D...,2999.0,2249,Enjoy Free Gift,25% ,215,Nykaa,Naturals CleanTouch 2 in 1 Face Brush & Massager for D...
Clinique SPF 50 UVA/UVB Mineral Sunscreen Fluid For Face,2950.0,2950,Enjoy Free Gift,0%,319,Clinique,SPF 50 UVA/UVB Mineral Sunscreen Fluid For Face
Nykaa Skin Secrets Indian Rituals Neem + Turmeric Sheet Mask...,100.0,100,Buy 5 Get 5 Free,0%,31547,Nykaa,Skin Secrets Indian Rituals Neem + Turmeric Sheet Mask...
Himalaya Refreshing Cleansing Milk,110.0,98,None,11% ,7896,Himalaya,Refreshing Cleansing Milk
The Body Shop British Rose Body Butter,1395.0,1186,None,15% ,809,The,Body Shop British Rose Body Butter
Pilgrim 25% AHA 2% BHA 5% PHA Face Peeling Solution for Acne...,545.0,501,None,8% ,1464,Pilgrim,25% AHA 2% BHA 5% PHA Face Peeling Solution for Acne...
Simple Refreshing Facial Wash Combo,770.0,655,None,15% ,21507,Simple,Refreshing Facial Wash Combo
Mamaearth Hydra-glow Cc Serum With Vitamin C & Hyaluronic Ac...,649.0,519,Extra 10% Off,20% ,48,Mamaearth,Hydra-glow Cc Serum With Vitamin C & Hyaluronic Ac...
Aqualogica Glow+ Smoothie Face Wash with Papaya & Vitamin C,299.0,269,Enjoy Free Gift,10% ,1041,Aqualogica,Glow+ Smoothie Face Wash with Papaya & Vitamin C
Olay Total Effects Night & Day Cream Combo,1798.0,1438,None,20% ,7581,Olay,Total Effects Night & Day Cream Combo
Aqualogica Radiance+ Smoothie Face Wash with Watermelon & Ni...,299.0,269,Enjoy Free Gift,10% ,589,Aqualogica,Radiance+ Smoothie Face Wash with Watermelon & Ni...
Kiehl's Midnight Recovery Concentrate Serum with Lavender Es...,2150.0,2150,None,0%,1416,Kiehl's,Midnight Recovery Concentrate Serum with Lavender Es...
Nykaa Skin Secrets Indian Rituals Almond + Yogurt Sheet Mask...,100.0,100,Buy 5 Get 5 Free,0%,31547,Nykaa,Skin Secrets Indian Rituals Almond + Yogurt Sheet Mask...
Cetaphil Cleansing & Moisturising Syndet Bar,210.0,168,None,20% ,1743,Cetaphil,Cleansing & Moisturising Syndet Bar
Dot & Key Water Drench Hydrating Hyaluronic Serum Concentrat...,665.0,499,Extra 5% Off,25% ,2234,Dot,& Key Water Drench Hydrating Hyaluronic Serum Concentrat...
Organic Harvest Extra Virgin Coconut Oil Cold Pressed for Bo...,395.0,292,None,26% ,1019,Organic,Harvest Extra Virgin Coconut Oil Cold Pressed for Bo...
"d'you Hustle Serum With 5% Niacinamide, Hyaluronic Acid, Vit...",3200.0,3200,None,0%,49,d'you,"Hustle Serum With 5% Niacinamide, Hyaluronic Acid, Vit..."
Lakme 9To5 Vitamin C+ Day Cream,349.0,279,None,20% ,2197,Lakme,9To5 Vitamin C+ Day Cream
"Sunscoop Invisible Sunscreen SPF 40 PA+++, Ultra-Lightweight...",675.0,599,None,11% ,320,Sunscoop,"Invisible Sunscreen SPF 40 PA+++, Ultra-Lightweight..."
Aroma Magic Cucumber Sunscreen Lotion SPF 30 UVA/UVB All Nat...,325.0,260,None,20% ,3891,Aroma,Magic Cucumber Sunscreen Lotion SPF 30 UVA/UVB All Nat...
"Forest Essentials Delicate Facial Cleanser - Mashobra Honey,...",1550.0,1550,Get Free Product,0%,2416,Forest,"Essentials Delicate Facial Cleanser - Mashobra Honey,..."
Nykaa Naturals Love Struck Shower Gel,399.0,279,Enjoy Free Gift,30% ,858,Nykaa,Naturals Love Struck Shower Gel
Indulgeo Essentials Rose Gold Oil,1600.0,1280,None,20% ,1829,Indulgeo,Essentials Rose Gold Oil
MCaffeine Choco & Shea Body Butter - 72Hrs Moisturization & ...,299.0,269,Extra 10% Off,10% ,820,MCaffeine,Choco & Shea Body Butter - 72Hrs Moisturization & ...
Bioderma Sensibio Value Combo,1980.0,990,None,50% ,419,Bioderma,Sensibio Value Combo
Cheryl's Cosmeceuticals Oxyblast: Facial Kit With 7 Step Sac...,300.0,300,None,0%,2366,Cheryl's,Cosmeceuticals Oxyblast: Facial Kit With 7 Step Sac...
Sanfe Spotlite Sensitive Areas Body Serum For Underarms Vita...,399.0,379,Extra 5% Off,5% ,161,Sanfe,Spotlite Sensitive Areas Body Serum For Underarms Vita...
